song,artist,previous_date,reentry_date,gap_days,previous_position,reentry_position,gap_strength,position_strength,momentum_score
Kill Bill,SZA,2024-05-19,2024-05-21,2.0,46,46,0.003937007874015748,0.1,0.0003937007874015748
LOVE DIVE,IVE,2024-05-19,2024-05-21,2.0,48,49,0.003937007874015748,0.04,0.00015748031496062991
Teddy Bear,STAYC,2024-05-18,2024-05-21,3.0,47,47,0.005905511811023622,0.08,0.00047244094488188977
Love Always Run Away,Lim Young Woong,2024-05-18,2024-05-23,5.0,50,47,0.00984251968503937,0.08,0.0007874015748031496
Interlude : Dive,Jimin,2024-05-20,2024-05-24,4.0,38,48,0.007874015748031496,0.06,0.0004724409448818897
VIBE (feat. Jimin of BTS),TAEYANG,2024-05-22,2024-05-24,2.0,49,43,0.003937007874015748,0.16,0.0006299212598425197
Love Always Run Away,Lim Young Woong,2024-05-23,2024-05-25,2.0,47,50,0.003937007874015748,0.02,7.874015748031496e-05
Like Crazy (Deep House Remix),Jimin,2024-05-20,2024-05-28,8.0,46,43,0.015748031496062992,0.16,0.0025196850393700786
Like Crazy (UK Garage Remix),Jimin,2024-05-20,2024-05-28,8.0,47,44,0.015748031496062992,0.14,0.002204724409448819
Promise,Jimin,2024-05-20,2024-05-28,8.0,43,45,0.015748031496062992,0.12,0.0018897637795275589
LOVE DIVE,IVE,2024-05-22,2024-05-29,7.0,50,49,0.013779527559055118,0.04,0.0005511811023622047
Teddy Bear,STAYC,2024-05-27,2024-05-29,2.0,49,45,0.003937007874015748,0.12,0.0004724409448818897
I Love You,Lim Young Woong,2024-05-27,2024-05-30,3.0,47,46,0.005905511811023622,0.1,0.0005905511811023622
Like Crazy (Deep House Remix),Jimin,2024-05-28,2024-05-30,2.0,43,48,0.003937007874015748,0.06,0.00023622047244094486
Love Always Run Away,Lim Young Woong,2024-05-25,2024-05-30,5.0,50,49,0.00984251968503937,0.04,0.0003937007874015748
Promise,Jimin,2024-05-28,2024-05-30,2.0,45,42,0.003937007874015748,0.18,0.0007086614173228346
Candy (Feat. Zion.T),Jay Park,2024-05-28,2024-05-31,3.0,49,47,0.005905511811023622,0.08,0.00047244094488188977
Teddy Bear,STAYC,2024-05-29,2024-05-31,2.0,45,48,0.003937007874015748,0.06,0.00023622047244094486
Like Crazy (Deep House Remix),Jimin,2024-05-30,2024-06-01,2.0,48,47,0.003937007874015748,0.08,0.00031496062992125983
Like Crazy (UK Garage Remix),Jimin,2024-05-28,2024-06-01,4.0,44,50,0.007874015748031496,0.02,0.00015748031496062991
Love Always Run Away,Lim Young Woong,2024-05-31,2024-06-02,2.0,49,50,0.003937007874015748,0.02,7.874015748031496e-05
Promise,Jimin,2024-05-30,2024-06-02,3.0,42,42,0.005905511811023622,0.18,0.001062992125984252
I Love You,Lim Young Woong,2024-05-31,2024-06-03,3.0,50,44,0.005905511811023622,0.14,0.0008267716535433072
Like Crazy (UK Garage Remix),Jimin,2024-06-01,2024-06-03,2.0,50,49,0.003937007874015748,0.04,0.00015748031496062991
Lovely Touch,Lim Young Woong,2024-05-24,2024-06-03,10.0,45,48,0.01968503937007874,0.06,0.0011811023622047244
NIGHT DANCER - BIG Naughty Remix,imase & BIG Naughty,2024-05-23,2024-06-03,11.0,41,50,0.021653543307086614,0.02,0.0004330708661417323
Dangerously,Charlie Puth,2024-06-02,2024-06-04,2.0,47,47,0.003937007874015748,0.08,0.00031496062992125983
Candy (Feat. Zion.T),Jay Park,2024-06-01,2024-06-05,4.0,45,45,0.007874015748031496,0.12,0.0009448818897637794
Love Always Run Away,Lim Young Woong,2024-06-03,2024-06-05,2.0,47,48,0.003937007874015748,0.06,0.00023622047244094486
Love Me Like This,NMIXX,2024-06-02,2024-06-05,3.0,46,50,0.005905511811023622,0.02,0.00011811023622047244
Lovely Touch,Lim Young Woong,2024-06-03,2024-06-05,2.0,48,49,0.003937007874015748,0.04,0.00015748031496062991
Teddy Bear,STAYC,2024-06-02,2024-06-05,3.0,49,46,0.005905511811023622,0.1,0.0005905511811023622
Fighting (Feat. Lee Young Ji),BSS,2024-06-02,2024-06-06,4.0,45,49,0.007874015748031496,0.04,0.00031496062992125983
VIBE (feat. Jimin of BTS),TAEYANG,2024-06-04,2024-06-06,2.0,36,45,0.003937007874015748,0.12,0.0004724409448818897
Love Me Like This,NMIXX,2024-06-05,2024-06-07,2.0,50,50,0.003937007874015748,0.02,7.874015748031496e-05
People Pt.2 (feat. IU),Agust D,2024-06-03,2024-06-07,4.0,43,45,0.007874015748031496,0.12,0.0009448818897637794
Like Crazy (Deep House Remix),Jimin,2024-06-03,2024-06-08,5.0,46,45,0.00984251968503937,0.12,0.0011811023622047244
Like Crazy (UK Garage Remix),Jimin,2024-06-03,2024-06-08,5.0,49,49,0.00984251968503937,0.04,0.0003937007874015748
Promise,Jimin,2024-06-02,2024-06-08,6.0,42,50,0.011811023622047244,0.02,0.00023622047244094488
With you,Jimin & HA SUNG WOON,2024-05-20,2024-06-08,19.0,50,44,0.03740157480314961,0.14,0.0052362204724409455
A bientot,Lim Young Woong,2024-06-07,2024-06-09,2.0,41,44,0.003937007874015748,0.14,0.0005511811023622047
Candy (Feat. Zion.T),Jay Park,2024-06-05,2024-06-09,4.0,45,50,0.007874015748031496,0.02,0.00015748031496062991
Dance The Night (From Barbie The Album),Dua Lipa,2024-06-03,2024-06-09,6.0,42,46,0.011811023622047244,0.1,0.0011811023622047244
Love Always Run Away,Lim Young Woong,2024-06-07,2024-06-09,2.0,48,48,0.003937007874015748,0.06,0.00023622047244094486
I Love You,Lim Young Woong,2024-06-06,2024-06-10,4.0,43,46,0.007874015748031496,0.1,0.0007874015748031496
Like Crazy (Deep House Remix),Jimin,2024-06-08,2024-06-10,2.0,45,45,0.003937007874015748,0.12,0.0004724409448818897
Like Crazy (UK Garage Remix),Jimin,2024-06-08,2024-06-10,2.0,49,48,0.003937007874015748,0.06,0.00023622047244094486
Promise,Jimin,2024-06-08,2024-06-10,2.0,50,50,0.003937007874015748,0.02,7.874015748031496e-05
Kill Bill,SZA,2024-06-09,2024-06-11,2.0,49,49,0.003937007874015748,0.04,0.00015748031496062991
Vancouver,BIG Naughty,2024-06-10,2024-06-12,2.0,39,50,0.003937007874015748,0.02,7.874015748031496e-05
Dangerously,Charlie Puth,2024-06-08,2024-06-13,5.0,46,49,0.00984251968503937,0.04,0.0003937007874015748
I Love You,Lim Young Woong,2024-06-11,2024-06-13,2.0,50,46,0.003937007874015748,0.1,0.0003937007874015748
Love Always Run Away,Lim Young Woong,2024-06-10,2024-06-13,3.0,47,47,0.005905511811023622,0.08,0.00047244094488188977
Bite Me,ENHYPEN,2024-06-10,2024-06-14,4.0,49,47,0.007874015748031496,0.08,0.0006299212598425197
Filter,BTS,2024-06-12,2024-06-14,2.0,46,43,0.003937007874015748,0.16,0.0006299212598425197
Like Crazy (Instrumental),Jimin,2024-06-12,2024-06-14,2.0,47,49,0.003937007874015748,0.04,0.00015748031496062991
Dangerously,Charlie Puth,2024-06-13,2024-06-16,3.0,49,44,0.005905511811023622,0.14,0.0008267716535433072
Haegeum,Agust D,2024-06-12,2024-06-16,4.0,49,48,0.007874015748031496,0.06,0.0004724409448818897
I Don’t Think That I Like Her,Charlie Puth,2024-05-29,2024-06-16,18.0,47,49,0.03543307086614173,0.04,0.0014173228346456694
I Don’t Think That I Like Her,Charlie Puth,2024-06-16,2024-06-18,2.0,49,49,0.003937007874015748,0.04,0.00015748031496062991
LOVE DIVE,IVE,2024-05-29,2024-06-19,21.0,49,48,0.04133858267716536,0.06,0.0024803149606299215
Like Crazy (Deep House Remix),Jimin,2024-06-17,2024-06-20,3.0,46,43,0.005905511811023622,0.16,0.0009448818897637795
Like Crazy (UK Garage Remix),Jimin,2024-06-17,2024-06-20,3.0,48,42,0.005905511811023622,0.18,0.001062992125984252
Christmas Love,Jimin,2024-06-18,2024-06-21,3.0,50,48,0.005905511811023622,0.06,0.0003543307086614173
Filter,BTS,2024-06-15,2024-06-21,6.0,45,47,0.011811023622047244,0.08,0.0009448818897637795
Haegeum,Agust D,2024-06-18,2024-06-21,3.0,45,50,0.005905511811023622,0.02,0.00011811023622047244
Like Crazy (Instrumental),Jimin,2024-06-15,2024-06-21,6.0,48,41,0.011811023622047244,0.2,0.002362204724409449
A bientot,Lim Young Woong,2024-06-20,2024-06-22,2.0,48,46,0.003937007874015748,0.1,0.0003937007874015748
The Planet,BTS,2024-06-20,2024-06-22,2.0,46,42,0.003937007874015748,0.18,0.0007086614173228346
FLOWER,JISOO,2024-06-21,2024-06-23,2.0,49,48,0.003937007874015748,0.06,0.00023622047244094486
Kill Bill,SZA,2024-06-19,2024-06-23,4.0,47,47,0.007874015748031496,0.08,0.0006299212598425197
I Don’t Think That I Like Her,Charlie Puth,2024-06-20,2024-06-25,5.0,49,48,0.00984251968503937,0.06,0.0005905511811023622
Like Crazy (Deep House Remix),Jimin,2024-06-24,2024-06-27,3.0,47,45,0.005905511811023622,0.12,0.0007086614173228346
Like Crazy (UK Garage Remix),Jimin,2024-06-24,2024-06-27,3.0,49,46,0.005905511811023622,0.1,0.0005905511811023622
Promise,Jimin,2024-06-26,2024-06-28,2.0,45,42,0.003937007874015748,0.18,0.0007086614173228346
With you,Jimin & HA SUNG WOON,2024-06-24,2024-06-28,4.0,43,43,0.007874015748031496,0.16,0.0012598425196850393
FLOWER,JISOO,2024-06-27,2024-06-29,2.0,40,44,0.003937007874015748,0.14,0.0005511811023622047
Dangerously,Charlie Puth,2024-06-20,2024-07-01,11.0,50,44,0.021653543307086614,0.14,0.003031496062992126
I Don’t Think That I Like Her,Charlie Puth,2024-06-26,2024-07-01,5.0,48,50,0.00984251968503937,0.02,0.0001968503937007874
People Pt.2 (feat. IU),Agust D,2024-06-07,2024-07-02,25.0,45,35,0.04921259842519685,0.32,0.015748031496062992
The Planet,BTS,2024-06-24,2024-07-02,8.0,48,44,0.015748031496062992,0.14,0.002204724409448819
Like Crazy (Deep House Remix),Jimin,2024-07-01,2024-07-03,2.0,39,49,0.003937007874015748,0.04,0.00015748031496062991
Like Crazy (UK Garage Remix),Jimin,2024-07-01,2024-07-03,2.0,42,50,0.003937007874015748,0.02,7.874015748031496e-05
Promise,Jimin,2024-07-01,2024-07-03,2.0,41,47,0.003937007874015748,0.08,0.00031496062992125983
Dare to Love (feat. BIG Naughty),B.I,2024-07-01,2024-07-04,3.0,48,48,0.005905511811023622,0.06,0.0003543307086614173
Thirsty,aespa,2024-07-02,2024-07-04,2.0,49,50,0.003937007874015748,0.02,7.874015748031496e-05
With you,Jimin & HA SUNG WOON,2024-06-28,2024-07-05,7.0,43,50,0.013779527559055118,0.02,0.00027559055118110237
Attention,NewJeans,2024-07-04,2024-07-07,3.0,29,37,0.005905511811023622,0.28,0.0016535433070866143
Cruel Summer,Taylor Swift,2024-07-04,2024-07-07,3.0,35,44,0.005905511811023622,0.14,0.0008267716535433072
Cupid - Twin Ver.,FIFTY FIFTY,2024-07-04,2024-07-07,3.0,31,43,0.005905511811023622,0.16,0.0009448818897637795
Promise,Jimin,2024-07-04,2024-07-07,3.0,49,46,0.005905511811023622,0.1,0.0005905511811023622
Sunflower - Spider-Man: Into the Spider-Verse,Post Malone,2024-07-04,2024-07-07,3.0,32,50,0.005905511811023622,0.02,0.00011811023622047244
Super,SEVENTEEN,2024-07-04,2024-07-07,3.0,33,47,0.005905511811023622,0.08,0.00047244094488188977
Rainbow,Lim Young Woong,2024-07-04,2024-07-08,4.0,37,50,0.007874015748031496,0.02,0.00015748031496062991
Cupid,FIFTY FIFTY,2024-07-04,2024-07-09,5.0,36,50,0.00984251968503937,0.02,0.0001968503937007874
Like Crazy (Deep House Remix),Jimin,2024-07-03,2024-07-09,6.0,49,46,0.011811023622047244,0.1,0.0011811023622047244
"Our Blues, Our Life",Lim Young Woong,2024-07-04,2024-07-10,6.0,40,45,0.011811023622047244,0.12,0.0014173228346456691
Rainbow,Lim Young Woong,2024-07-08,2024-07-10,2.0,50,43,0.003937007874015748,0.16,0.0006299212598425197
Sunflower - Spider-Man: Into the Spider-Verse,Post Malone,2024-07-08,2024-07-10,2.0,45,46,0.003937007874015748,0.1,0.0003937007874015748
A bientot,Lim Young Woong,2024-07-04,2024-07-11,7.0,47,47,0.013779527559055118,0.08,0.0011023622047244095
Promise,Jimin,2024-07-10,2024-07-12,2.0,47,49,0.003937007874015748,0.04,0.00015748031496062991
A bientot,Lim Young Woong,2024-07-11,2024-07-13,2.0,47,50,0.003937007874015748,0.02,7.874015748031496e-05
Sunflower - Spider-Man: Into the Spider-Verse,Post Malone,2024-07-14,2024-07-16,2.0,49,50,0.003937007874015748,0.02,7.874015748031496e-05
The Planet,BTS,2024-07-04,2024-07-16,12.0,43,46,0.023622047244094488,0.1,0.002362204724409449
A bientot,Lim Young Woong,2024-07-13,2024-07-17,4.0,50,50,0.007874015748031496,0.02,0.00015748031496062991
ANTIFRAGILE,LE SSERAFIM,2024-07-04,2024-07-17,13.0,42,49,0.025590551181102362,0.04,0.0010236220472440946
In Bloom,ZEROBASEONE,2024-07-14,2024-07-17,3.0,44,48,0.005905511811023622,0.06,0.0003543307086614173
Seven (feat. Latto) (Explicit Ver.),Jung Kook & Latto,2024-07-16,2024-07-19,3.0,1,1,0.005905511811023622,1.0,0.005905511811023622
Seven (feat. Latto) (Instrumental),Jung Kook & Latto,2024-07-16,2024-07-19,3.0,10,10,0.005905511811023622,0.82,0.00484251968503937
Broken Melodies,NCT DREAM,2024-06-30,2024-07-20,20.0,50,44,0.03937007874015748,0.14,0.005511811023622048
VIBE (feat. Jimin of BTS),TAEYANG,2024-07-15,2024-07-20,5.0,50,49,0.00984251968503937,0.04,0.0003937007874015748
Sunflower - Spider-Man: Into the Spider-Verse,Post Malone,2024-07-16,2024-07-21,5.0,50,48,0.00984251968503937,0.06,0.0005905511811023622
In Bloom,ZEROBASEONE,2024-07-19,2024-07-22,3.0,49,50,0.005905511811023622,0.02,0.00011811023622047244
Lilith (feat. SUGA of BTS) (Diablo IV Anthem),Halsey & SUGA,2024-07-19,2024-07-22,3.0,47,46,0.005905511811023622,0.1,0.0005905511811023622
A bientot,Lim Young Woong,2024-07-18,2024-07-23,5.0,50,50,0.00984251968503937,0.02,0.0001968503937007874
FLOWER,JISOO,2024-06-30,2024-07-23,23.0,44,45,0.045275590551181105,0.12,0.005433070866141732
vampire,Olivia Rodrigo,2024-07-22,2024-07-25,3.0,42,48,0.005905511811023622,0.06,0.0003543307086614173
Cupid - Twin Ver.,FIFTY FIFTY,2024-07-21,2024-07-26,5.0,45,49,0.00984251968503937,0.04,0.0003937007874015748
Dance The Night (From Barbie The Album),Dua Lipa,2024-06-09,2024-07-26,47.0,46,45,0.09251968503937008,0.12,0.011102362204724409
My You,Jung Kook,2024-07-22,2024-07-27,5.0,35,49,0.00984251968503937,0.04,0.0003937007874015748
Seven (feat. Latto) (Band Ver.),Jung Kook & Latto,2024-07-22,2024-07-27,5.0,16,34,0.00984251968503937,0.34,0.003346456692913386
Seven (feat. Latto) (Summer Mix),Jung Kook & Latto,2024-07-22,2024-07-27,5.0,12,35,0.00984251968503937,0.32,0.0031496062992125984
K-POP,Travis Scott & Bad Bunny & The Weeknd,2024-07-26,2024-07-29,3.0,47,46,0.005905511811023622,0.1,0.0005905511811023622
Dance The Night (From Barbie The Album),Dua Lipa,2024-07-28,2024-07-30,2.0,41,50,0.003937007874015748,0.02,7.874015748031496e-05
If We Ever Meet Again,Lim Young Woong,2024-07-28,2024-07-30,2.0,43,40,0.003937007874015748,0.22,0.0008661417322834645
Interlude : Dive,Jimin,2024-07-28,2024-07-30,2.0,45,44,0.003937007874015748,0.14,0.0005511811023622047
Let's Say Goodbye,Parc Jae Jung,2024-07-28,2024-07-30,2.0,39,38,0.003937007874015748,0.26,0.0010236220472440946
"Angel Pt. 2 (feat. Jimin of BTS, Charlie Puth and Muni Long)",Fast & Furious: The Fast Saga & Jimin & BTS,2024-07-28,2024-07-31,3.0,46,45,0.005905511811023622,0.12,0.0007086614173228346
Lilith (feat. SUGA of BTS) (Diablo IV Anthem),Halsey & SUGA,2024-07-28,2024-07-31,3.0,50,41,0.005905511811023622,0.2,0.0011811023622047244
My You,Jung Kook,2024-07-28,2024-07-31,3.0,49,50,0.005905511811023622,0.02,0.00011811023622047244
"Our Blues, Our Life",Lim Young Woong,2024-07-26,2024-07-31,5.0,50,47,0.00984251968503937,0.08,0.0007874015748031496
Rainbow,Lim Young Woong,2024-07-26,2024-07-31,5.0,48,46,0.00984251968503937,0.1,0.000984251968503937
Super,SEVENTEEN,2024-07-28,2024-07-31,3.0,48,49,0.005905511811023622,0.04,0.00023622047244094488
vampire,Olivia Rodrigo,2024-07-28,2024-07-31,3.0,42,48,0.005905511811023622,0.06,0.0003543307086614173
Seven (feat. Latto) (Band Ver.),Jung Kook & Latto,2024-07-30,2024-08-02,3.0,46,49,0.005905511811023622,0.04,0.00023622047244094488
My You,Jung Kook,2024-08-01,2024-08-03,2.0,50,47,0.003937007874015748,0.08,0.00031496062992125983
A bientot,Lim Young Woong,2024-07-25,2024-08-04,10.0,46,50,0.01968503937007874,0.02,0.0003937007874015748
Seven (feat. Latto) (Band Ver.),Jung Kook & Latto,2024-08-02,2024-08-05,3.0,49,49,0.005905511811023622,0.04,0.00023622047244094488
A bientot,Lim Young Woong,2024-08-04,2024-08-06,2.0,50,49,0.003937007874015748,0.04,0.00015748031496062991
Cupid - Twin Ver.,FIFTY FIFTY,2024-07-26,2024-08-06,11.0,49,50,0.021653543307086614,0.02,0.0004330708661417323
Lilith (feat. SUGA of BTS) (Diablo IV Anthem),Halsey & SUGA,2024-08-05,2024-08-07,2.0,45,49,0.003937007874015748,0.04,0.00015748031496062991
My You,Jung Kook,2024-08-04,2024-08-07,3.0,48,50,0.005905511811023622,0.02,0.00011811023622047244
Love Always Run Away,Lim Young Woong,2024-06-13,2024-08-09,57.0,47,50,0.11220472440944881,0.02,0.0022440944881889765
My You,Jung Kook,2024-08-08,2024-08-10,2.0,50,50,0.003937007874015748,0.02,7.874015748031496e-05
Love Always Run Away,Lim Young Woong,2024-08-09,2024-08-11,2.0,50,50,0.003937007874015748,0.02,7.874015748031496e-05
SOS,KANGDANIEL,2024-08-10,2024-08-12,2.0,30,47,0.003937007874015748,0.08,0.00031496062992125983
Stay Alive (Prod. SUGA of BTS),Jung Kook,2024-07-18,2024-08-12,25.0,36,49,0.04921259842519685,0.04,0.001968503937007874
Kitsch,IVE,2024-08-15,2024-08-17,2.0,50,49,0.003937007874015748,0.04,0.00015748031496062991
Kitsch,IVE,2024-08-17,2024-08-19,2.0,49,50,0.003937007874015748,0.02,7.874015748031496e-05
"Our Blues, Our Life",Lim Young Woong,2024-08-17,2024-08-20,3.0,47,49,0.005905511811023622,0.04,0.00023622047244094488
Intro: Singularity,BTS,2024-08-18,2024-08-21,3.0,45,49,0.005905511811023622,0.04,0.00023622047244094488
SOS,KANGDANIEL,2024-08-21,2024-08-23,2.0,41,45,0.003937007874015748,0.12,0.0004724409448818897
"Angel Pt. 2 (feat. Jimin of BTS, Charlie Puth and Muni Long)",Fast & Furious: The Fast Saga & Jimin & BTS,2024-08-19,2024-08-24,5.0,47,50,0.00984251968503937,0.02,0.0001968503937007874
"Our Blues, Our Life",Lim Young Woong,2024-08-20,2024-08-24,4.0,49,47,0.007874015748031496,0.08,0.0006299212598425197
Sugarcoat (NATTY Solo),KISS OF LIFE,2024-08-22,2024-08-24,2.0,50,44,0.003937007874015748,0.14,0.0005511811023622047
Lilith (feat. SUGA of BTS) (Diablo IV Anthem),Halsey & SUGA,2024-08-23,2024-08-25,2.0,46,50,0.003937007874015748,0.02,7.874015748031496e-05
Intro: Singularity,BTS,2024-08-23,2024-08-27,4.0,50,49,0.007874015748031496,0.04,0.00031496062992125983
A bientot,Lim Young Woong,2024-08-12,2024-08-28,16.0,44,49,0.031496062992125984,0.04,0.0012598425196850393
Lilith (feat. SUGA of BTS) (Diablo IV Anthem),Halsey & SUGA,2024-08-26,2024-08-30,4.0,48,47,0.007874015748031496,0.08,0.0006299212598425197
SOS,KANGDANIEL,2024-08-23,2024-08-31,8.0,45,49,0.015748031496062992,0.04,0.0006299212598425197
Attention,NewJeans,2024-08-30,2024-09-01,2.0,48,49,0.003937007874015748,0.04,0.00015748031496062991
Rainbow,Lim Young Woong,2024-08-30,2024-09-01,2.0,50,50,0.003937007874015748,0.02,7.874015748031496e-05
A bientot,Lim Young Woong,2024-08-28,2024-09-03,6.0,49,50,0.011811023622047244,0.02,0.00023622047244094488
"Our Blues, Our Life",Lim Young Woong,2024-08-29,2024-09-03,5.0,50,44,0.00984251968503937,0.14,0.001377952755905512
アイドル,YOASOBI,2024-08-31,2024-09-03,3.0,48,45,0.005905511811023622,0.12,0.0007086614173228346
Sweet Night,V,2024-08-31,2024-09-04,4.0,41,39,0.007874015748031496,0.24,0.0018897637795275589
Fry’s Dream,AKMU,2024-08-25,2024-09-05,11.0,46,41,0.021653543307086614,0.2,0.004330708661417323
Memories,RIIZE,2024-09-02,2024-09-05,3.0,47,24,0.005905511811023622,0.54,0.003188976377952756
Seven (feat. Latto) (Alesso Remix),Jung Kook & Latto,2024-08-30,2024-09-05,6.0,17,46,0.011811023622047244,0.1,0.0011811023622047244
Seven (feat. Latto) (Alesso Remix),Jung Kook & Latto,2024-09-05,2024-09-07,2.0,46,24,0.003937007874015748,0.54,0.0021259842519685043
Sweet Night,V,2024-09-05,2024-09-07,2.0,49,47,0.003937007874015748,0.08,0.00031496062992125983
Better Things,aespa,2024-09-06,2024-09-09,3.0,50,50,0.005905511811023622,0.02,0.00011811023622047244
"Steal The Show - From ""Elemental""",Lauv,2024-09-06,2024-09-09,3.0,48,44,0.005905511811023622,0.14,0.0008267716535433072
Sugarcoat (NATTY Solo),KISS OF LIFE,2024-09-06,2024-09-09,3.0,47,49,0.005905511811023622,0.04,0.00023622047244094488
A bientot,Lim Young Woong,2024-09-04,2024-09-10,6.0,46,44,0.011811023622047244,0.14,0.0016535433070866143
"Our Blues, Our Life",Lim Young Woong,2024-09-06,2024-09-10,4.0,49,37,0.007874015748031496,0.28,0.002204724409448819
Rainbow,Lim Young Woong,2024-09-08,2024-09-10,2.0,49,36,0.003937007874015748,0.3,0.0011811023622047244
Fry’s Dream,AKMU,2024-09-09,2024-09-12,3.0,43,39,0.005905511811023622,0.24,0.0014173228346456691
Click Like (Prod. Crush) (Feat. Paul Blanco),Various Artists,2024-09-09,2024-09-13,4.0,41,48,0.007874015748031496,0.06,0.0004724409448818897
Lilith (feat. SUGA of BTS) (Diablo IV Anthem),Halsey & SUGA,2024-09-02,2024-09-13,11.0,48,49,0.021653543307086614,0.04,0.0008661417322834646
Sugarcoat (NATTY Solo),KISS OF LIFE,2024-09-09,2024-09-13,4.0,49,46,0.007874015748031496,0.1,0.0007874015748031496
"Angel Pt. 1 (feat. Jimin of BTS, JVKE & Muni Long) - Trailer Version",Fast & Furious: The Fast Saga & Jimin & BTS,2024-06-04,2024-09-14,102.0,43,35,0.20078740157480315,0.32,0.06425196850393701
Interlude : Dive,Jimin,2024-09-12,2024-09-14,2.0,32,26,0.003937007874015748,0.5,0.001968503937007874
Let's Say Goodbye,Parc Jae Jung,2024-09-12,2024-09-14,2.0,48,46,0.003937007874015748,0.1,0.0003937007874015748
Attention,NewJeans,2024-09-04,2024-09-15,11.0,49,48,0.021653543307086614,0.06,0.0012992125984251969
Spicy,aespa,2024-09-12,2024-09-15,3.0,50,46,0.005905511811023622,0.1,0.0005905511811023622
Slow Dancing,V,2024-09-14,2024-09-17,3.0,5,6,0.005905511811023622,0.9,0.00531496062992126
Christmas Tree,V,2024-09-09,2024-09-18,9.0,32,44,0.017716535433070866,0.14,0.0024803149606299215
Memories,RIIZE,2024-09-16,2024-09-18,2.0,41,47,0.003937007874015748,0.08,0.00031496062992125983
A bientot,Lim Young Woong,2024-09-14,2024-09-19,5.0,48,50,0.00984251968503937,0.02,0.0001968503937007874
Vancouver,BIG Naughty,2024-06-13,2024-09-22,101.0,50,50,0.19881889763779528,0.02,0.003976377952755906
アイドル,YOASOBI,2024-09-03,2024-09-22,19.0,45,48,0.03740157480314961,0.06,0.0022440944881889765
A bientot,Lim Young Woong,2024-09-21,2024-09-23,2.0,50,49,0.003937007874015748,0.04,0.00015748031496062991
Queencard,(G)I-DLE,2024-09-11,2024-09-24,13.0,43,50,0.025590551181102362,0.02,0.0005118110236220473
Sunflower - Spider-Man: Into the Spider-Verse,Post Malone,2024-07-22,2024-09-24,64.0,47,47,0.12598425196850394,0.08,0.010078740157480314
I Love You,Lim Young Woong,2024-06-14,2024-09-25,103.0,50,48,0.20275590551181102,0.06,0.012165354330708662
Memories,RIIZE,2024-09-23,2024-09-25,2.0,47,50,0.003937007874015748,0.02,7.874015748031496e-05
But Sometimes,BOYNEXTDOOR,2024-09-23,2024-09-27,4.0,39,49,0.007874015748031496,0.04,0.00031496062992125983
Attention,NewJeans,2024-09-26,2024-09-28,2.0,49,49,0.003937007874015748,0.04,0.00015748031496062991
Baggy Jeans,NCT,2024-09-21,2024-09-28,7.0,46,50,0.013779527559055118,0.02,0.00027559055118110237
Interlude : Dive,Jimin,2024-09-27,2024-09-29,2.0,45,35,0.003937007874015748,0.32,0.0012598425196850393
"Our Blues, Our Life",Lim Young Woong,2024-09-27,2024-09-29,2.0,41,47,0.003937007874015748,0.08,0.00031496062992125983
Queencard,(G)I-DLE,2024-09-24,2024-09-29,5.0,50,49,0.00984251968503937,0.04,0.0003937007874015748
A bientot,Lim Young Woong,2024-09-27,2024-09-30,3.0,48,50,0.005905511811023622,0.02,0.00011811023622047244
My You,Jung Kook,2024-08-11,2024-09-30,50.0,47,47,0.0984251968503937,0.08,0.007874015748031496
Better Things,aespa,2024-09-16,2024-10-02,16.0,50,50,0.031496062992125984,0.02,0.0006299212598425197
Love Always Run Away,Lim Young Woong,2024-08-11,2024-10-02,52.0,50,48,0.10236220472440945,0.06,0.0061417322834645665
Memories,RIIZE,2024-09-28,2024-10-02,4.0,44,47,0.007874015748031496,0.08,0.0006299212598425197
Cruel Summer,Taylor Swift,2024-09-29,2024-10-04,5.0,44,46,0.00984251968503937,0.1,0.000984251968503937
Interlude : Dive,Jimin,2024-09-29,2024-10-06,7.0,35,37,0.013779527559055118,0.28,0.0038582677165354333
アイドル,YOASOBI,2024-10-01,2024-10-06,5.0,45,44,0.00984251968503937,0.14,0.001377952755905512
"Our Blues, Our Life",Lim Young Woong,2024-10-05,2024-10-07,2.0,45,49,0.003937007874015748,0.04,0.00015748031496062991
3D (feat. Jack Harlow) (Instrumental),Jung Kook & Jack Harlow,2024-10-05,2024-10-09,4.0,28,50,0.007874015748031496,0.02,0.00015748031496062991
A bientot,Lim Young Woong,2024-10-05,2024-10-09,4.0,47,48,0.007874015748031496,0.06,0.0004724409448818897
You & Me (Coachella ver.),JENNIE,2024-10-07,2024-10-10,3.0,4,16,0.005905511811023622,0.7,0.004133858267716535
greedy,Tate McRae,2024-10-08,2024-10-10,2.0,48,50,0.003937007874015748,0.02,7.874015748031496e-05
Interlude : Dive,Jimin,2024-10-09,2024-10-12,3.0,45,39,0.005905511811023622,0.24,0.0014173228346456691
A bientot,Lim Young Woong,2024-10-09,2024-10-13,4.0,48,45,0.007874015748031496,0.12,0.0009448818897637794
"Our Blues, Our Life",Lim Young Woong,2024-10-09,2024-10-13,4.0,46,39,0.007874015748031496,0.24,0.0018897637795275589
Interlude : Dive,Jimin,2024-10-12,2024-10-14,2.0,39,46,0.003937007874015748,0.1,0.0003937007874015748
Love Always Run Away,Lim Young Woong,2024-10-03,2024-10-14,11.0,48,49,0.021653543307086614,0.04,0.0008661417322834646
A Psalm of Life,Lim Young Woong,2024-06-06,2024-10-16,132.0,50,50,0.25984251968503935,0.02,0.0051968503937007875
Dreamers [Music from the FIFA World Cup Qatar 2022 Official Soundtrack],Jung Kook & BTS,2024-10-13,2024-10-16,3.0,48,38,0.005905511811023622,0.26,0.0015354330708661418
Haegeum,Agust D,2024-10-12,2024-10-16,4.0,50,47,0.007874015748031496,0.08,0.0006299212598425197
I Love You,Lim Young Woong,2024-09-26,2024-10-17,21.0,48,49,0.04133858267716536,0.04,0.0016535433070866143
Interlude : Dive,Jimin,2024-10-15,2024-10-17,2.0,46,42,0.003937007874015748,0.18,0.0007086614173228346
A Psalm of Life,Lim Young Woong,2024-10-16,2024-10-19,3.0,50,49,0.005905511811023622,0.04,0.00023622047244094488
Cool With You,NewJeans,2024-10-15,2024-10-19,4.0,50,48,0.007874015748031496,0.06,0.0004724409448818897
Fact Check,NCT 127,2024-10-13,2024-10-19,6.0,44,50,0.011811023622047244,0.02,0.00023622047244094488
Cruel Summer,Taylor Swift,2024-10-08,2024-10-20,12.0,50,45,0.023622047244094488,0.12,0.0028346456692913383
Dreamers [Music from the FIFA World Cup Qatar 2022 Official Soundtrack],Jung Kook & BTS,2024-10-18,2024-10-20,2.0,31,42,0.003937007874015748,0.18,0.0007086614173228346
Haegeum,Agust D,2024-10-16,2024-10-20,4.0,47,49,0.007874015748031496,0.04,0.00031496062992125983
A Psalm of Life,Lim Young Woong,2024-10-19,2024-10-21,2.0,49,45,0.003937007874015748,0.12,0.0004724409448818897
Love Always Run Away,Lim Young Woong,2024-10-15,2024-10-21,6.0,49,47,0.011811023622047244,0.08,0.0009448818897637795
Hype Boy,NewJeans,2024-10-20,2024-10-22,2.0,48,50,0.003937007874015748,0.02,7.874015748031496e-05
I Love You,Lim Young Woong,2024-10-18,2024-10-22,4.0,49,45,0.007874015748031496,0.12,0.0009448818897637794
Interlude : Dive,Jimin,2024-10-20,2024-10-22,2.0,31,35,0.003937007874015748,0.32,0.0012598425196850393
Lovely Touch,Lim Young Woong,2024-06-06,2024-10-22,138.0,48,49,0.27165354330708663,0.04,0.010866141732283466
Haegeum,Agust D,2024-10-21,2024-10-23,2.0,50,45,0.003937007874015748,0.12,0.0004724409448818897
Still With You,Jung Kook,2024-10-20,2024-10-23,3.0,37,44,0.005905511811023622,0.14,0.0008267716535433072
Cruel Summer,Taylor Swift,2024-10-21,2024-10-24,3.0,46,50,0.005905511811023622,0.02,0.00011811023622047244
Dreamers [Music from the FIFA World Cup Qatar 2022 Official Soundtrack],Jung Kook & BTS,2024-10-22,2024-10-26,4.0,47,33,0.007874015748031496,0.36,0.0028346456692913383
Left and Right (Feat. Jung Kook of BTS),Charlie Puth,2024-10-23,2024-10-26,3.0,32,30,0.005905511811023622,0.42,0.002480314960629921
VIBE (feat. Jimin of BTS),TAEYANG,2024-07-20,2024-10-26,98.0,49,50,0.19291338582677164,0.02,0.003858267716535433
"Angel Pt. 1 (feat. Jimin of BTS, JVKE & Muni Long) - Trailer Version",Fast & Furious: The Fast Saga & Jimin & BTS,2024-09-16,2024-10-27,41.0,49,50,0.08070866141732283,0.02,0.0016141732283464565
HERO,Lim Young Woong,2024-10-23,2024-10-27,4.0,50,49,0.007874015748031496,0.04,0.00031496062992125983
VIBE (feat. Jimin of BTS),TAEYANG,2024-10-26,2024-10-29,3.0,50,43,0.005905511811023622,0.16,0.0009448818897637795
Father,Lim Young Woong,2024-10-26,2024-10-30,4.0,47,47,0.007874015748031496,0.08,0.0006299212598425197
"Angel Pt. 1 (feat. Jimin of BTS, JVKE & Muni Long) - Trailer Version",Fast & Furious: The Fast Saga & Jimin & BTS,2024-10-28,2024-10-31,3.0,50,46,0.005905511811023622,0.1,0.0005905511811023622
Father,Lim Young Woong,2024-10-30,2024-11-01,2.0,47,43,0.003937007874015748,0.16,0.0006299212598425197
VIBE (feat. Jimin of BTS),TAEYANG,2024-10-29,2024-11-02,4.0,43,48,0.007874015748031496,0.06,0.0004724409448818897
"Angel Pt. 2 (feat. Jimin of BTS, Charlie Puth and Muni Long)",Fast & Furious: The Fast Saga & Jimin & BTS,2024-08-24,2024-11-03,71.0,50,44,0.13976377952755906,0.14,0.01956692913385827
New Jeans,NewJeans,2024-10-29,2024-11-03,5.0,49,48,0.00984251968503937,0.06,0.0005905511811023622
VIBE (feat. Jimin of BTS),TAEYANG,2024-11-02,2024-11-04,2.0,48,45,0.003937007874015748,0.12,0.0004724409448818897
Christmas Love,Jimin,2024-06-22,2024-11-05,136.0,48,28,0.2677165354330709,0.46,0.12314960629921262
HERO,Lim Young Woong,2024-11-03,2024-11-05,2.0,45,48,0.003937007874015748,0.06,0.00023622047244094486
Take Two,BTS,2024-11-01,2024-11-07,6.0,45,49,0.011811023622047244,0.04,0.00047244094488188977
Talk Saxy,RIIZE,2024-11-04,2024-11-07,3.0,40,50,0.005905511811023622,0.02,0.00011811023622047244
Christmas Love,Jimin,2024-11-06,2024-11-08,2.0,28,50,0.003937007874015748,0.02,7.874015748031496e-05
Ditto,NewJeans,2024-11-03,2024-11-08,5.0,49,43,0.00984251968503937,0.16,0.0015748031496062992
Love Letter,Lim Young Woong,2024-11-02,2024-11-09,7.0,50,49,0.013779527559055118,0.04,0.0005511811023622047
Christmas Love,Jimin,2024-11-08,2024-11-10,2.0,50,46,0.003937007874015748,0.1,0.0003937007874015748
Love Lee,AKMU,2024-11-10,2024-11-12,2.0,48,50,0.003937007874015748,0.02,7.874015748031496e-05
Christmas Love,Jimin,2024-11-11,2024-11-18,7.0,33,48,0.013779527559055118,0.06,0.000826771653543307
Elevator,Lim Young Woong,2024-11-16,2024-11-18,2.0,50,49,0.003937007874015748,0.04,0.00015748031496062991
Loving You,Lim Young Woong,2024-11-17,2024-11-19,2.0,47,47,0.003937007874015748,0.08,0.00031496062992125983
Dreamers [Music from the FIFA World Cup Qatar 2022 Official Soundtrack],Jung Kook & BTS,2024-10-30,2024-11-20,21.0,30,28,0.04133858267716536,0.46,0.019015748031496065
Love Station,Lim Young Woong,2024-11-17,2024-11-20,3.0,50,50,0.005905511811023622,0.02,0.00011811023622047244
Ditto,NewJeans,2024-11-19,2024-11-21,2.0,49,47,0.003937007874015748,0.08,0.00031496062992125983
You & Me,JENNIE,2024-11-19,2024-11-21,2.0,50,48,0.003937007874015748,0.06,0.00023622047244094486
Christmas Love,Jimin,2024-11-18,2024-11-22,4.0,48,49,0.007874015748031496,0.04,0.00031496062992125983
Elevator,Lim Young Woong,2024-11-20,2024-11-22,2.0,49,50,0.003937007874015748,0.02,7.874015748031496e-05
Ditto,NewJeans,2024-11-21,2024-11-23,2.0,47,50,0.003937007874015748,0.02,7.874015748031496e-05
ETA,NewJeans,2024-11-14,2024-11-23,9.0,49,48,0.017716535433070866,0.06,0.001062992125984252
Love Station,Lim Young Woong,2024-11-21,2024-11-23,2.0,50,49,0.003937007874015748,0.04,0.00015748031496062991
Christmas Love,Jimin,2024-11-22,2024-11-24,2.0,49,46,0.003937007874015748,0.1,0.0003937007874015748
Christmas Love,Jimin,2024-11-24,2024-11-28,4.0,46,48,0.007874015748031496,0.06,0.0004724409448818897
Left and Right (Feat. Jung Kook of BTS),Charlie Puth,2024-10-30,2024-11-28,29.0,19,29,0.05708661417322835,0.44,0.025118110236220473
Trust in me,Lim Young Woong,2024-11-27,2024-11-29,2.0,47,48,0.003937007874015748,0.06,0.00023622047244094486
ETA,NewJeans,2024-11-28,2024-11-30,2.0,50,49,0.003937007874015748,0.04,0.00015748031496062991
Christmas Love,Jimin,2024-11-28,2024-12-02,4.0,48,50,0.007874015748031496,0.02,0.00015748031496062991
OMG,NewJeans,2024-10-28,2024-12-02,35.0,48,42,0.0688976377952756,0.18,0.012401574803149606
3D (Justin Timberlake Remix),Jung Kook & Justin Timberlake,2024-11-27,2024-12-03,6.0,28,38,0.011811023622047244,0.26,0.0030708661417322837
Loving You,Lim Young Woong,2024-11-22,2024-12-04,12.0,48,46,0.023622047244094488,0.1,0.002362204724409449
Too Sad to Dance,Jung Kook,2024-12-02,2024-12-04,2.0,46,50,0.003937007874015748,0.02,7.874015748031496e-05
Christmas Love,Jimin,2024-12-03,2024-12-05,2.0,46,47,0.003937007874015748,0.08,0.00031496062992125983
Closer to You (feat. Major Lazer),Jung Kook,2024-12-03,2024-12-05,2.0,47,44,0.003937007874015748,0.14,0.0005511811023622047
Love Station,Lim Young Woong,2024-11-23,2024-12-05,12.0,49,50,0.023622047244094488,0.02,0.00047244094488188977
Get A Guitar,RIIZE,2024-11-16,2024-12-06,20.0,45,49,0.03937007874015748,0.04,0.0015748031496062992
Loving You,Lim Young Woong,2024-12-04,2024-12-06,2.0,46,50,0.003937007874015748,0.02,7.874015748031496e-05
Somebody,Jung Kook,2024-12-04,2024-12-06,2.0,47,48,0.003937007874015748,0.06,0.00023622047244094486
Elevator,Lim Young Woong,2024-11-22,2024-12-08,16.0,50,50,0.031496062992125984,0.02,0.0006299212598425197
Baddie,IVE,2024-12-01,2024-12-09,8.0,50,49,0.015748031496062992,0.04,0.0006299212598425197
Christmas Love,Jimin,2024-12-05,2024-12-09,4.0,47,40,0.007874015748031496,0.22,0.001732283464566929
Too Sad to Dance,Jung Kook,2024-12-04,2024-12-09,5.0,50,48,0.00984251968503937,0.06,0.0005905511811023622
Somebody,Jung Kook,2024-12-08,2024-12-10,2.0,47,50,0.003937007874015748,0.02,7.874015748031496e-05
Hype Boy,NewJeans,2024-10-22,2024-12-11,50.0,50,50,0.0984251968503937,0.02,0.001968503937007874
Nest,Lim Young Woong,2024-12-09,2024-12-11,2.0,50,46,0.003937007874015748,0.1,0.0003937007874015748
Christmas Love,Jimin,2024-12-10,2024-12-12,2.0,41,42,0.003937007874015748,0.18,0.0007086614173228346
Shot Glass of Tears,Jung Kook,2024-12-10,2024-12-12,2.0,47,47,0.003937007874015748,0.08,0.00031496062992125983
Somebody,Jung Kook,2024-12-10,2024-12-12,2.0,50,48,0.003937007874015748,0.06,0.00023622047244094486
My Starry Love,Lim Young Woong,2024-12-08,2024-12-13,5.0,42,48,0.00984251968503937,0.06,0.0005905511811023622
Nest,Lim Young Woong,2024-12-11,2024-12-13,2.0,46,50,0.003937007874015748,0.02,7.874015748031496e-05
Talk Saxy,RIIZE,2024-11-10,2024-12-14,34.0,50,49,0.06692913385826772,0.04,0.002677165354330709
Too Sad to Dance,Jung Kook,2024-12-12,2024-12-14,2.0,50,47,0.003937007874015748,0.08,0.00031496062992125983
Discord,QWER,2024-12-12,2024-12-15,3.0,49,44,0.005905511811023622,0.14,0.0008267716535433072
Shot Glass of Tears,Jung Kook,2024-12-13,2024-12-15,2.0,41,45,0.003937007874015748,0.12,0.0004724409448818897
You & Me,JENNIE,2024-11-27,2024-12-15,18.0,50,50,0.03543307086614173,0.02,0.0007086614173228347
Closer to You (feat. Major Lazer),Jung Kook,2024-12-14,2024-12-16,2.0,42,48,0.003937007874015748,0.06,0.00023622047244094486
Somebody,Jung Kook,2024-12-14,2024-12-16,2.0,43,46,0.003937007874015748,0.1,0.0003937007874015748
Too Sad to Dance,Jung Kook,2024-12-14,2024-12-16,2.0,47,47,0.003937007874015748,0.08,0.00031496062992125983
All I Want for Christmas Is You,Mariah Carey,2024-12-11,2024-12-17,6.0,44,24,0.011811023622047244,0.54,0.006377952755905512
Christmas Love,Jimin,2024-12-12,2024-12-17,5.0,42,33,0.00984251968503937,0.36,0.003543307086614173
Nest,Lim Young Woong,2024-12-15,2024-12-19,4.0,49,49,0.007874015748031496,0.04,0.00031496062992125983
Shot Glass of Tears,Jung Kook,2024-12-16,2024-12-19,3.0,49,50,0.005905511811023622,0.02,0.00011811023622047244
Christmas Love,Jimin,2024-12-18,2024-12-20,2.0,33,30,0.003937007874015748,0.42,0.001653543307086614
Closer to You (feat. Major Lazer),Jung Kook,2024-12-16,2024-12-20,4.0,48,49,0.007874015748031496,0.04,0.00031496062992125983
Snowman,Sia,2024-12-19,2024-12-21,2.0,44,34,0.003937007874015748,0.34,0.0013385826771653544
Somebody,Jung Kook,2024-12-16,2024-12-21,5.0,46,49,0.00984251968503937,0.04,0.0003937007874015748
Get A Guitar,RIIZE,2024-12-20,2024-12-23,3.0,50,47,0.005905511811023622,0.08,0.00047244094488188977
Last Christmas - Single Version,Wham!,2024-12-19,2024-12-23,4.0,47,42,0.007874015748031496,0.18,0.0014173228346456691
Love Letter,Lim Young Woong,2024-12-20,2024-12-23,3.0,43,49,0.005905511811023622,0.04,0.00023622047244094488
My Love Mine All Mine,Mitski,2024-12-20,2024-12-23,3.0,48,48,0.005905511811023622,0.06,0.0003543307086614173
Please Don't Change (feat. DJ Snake),Jung Kook,2024-12-21,2024-12-23,2.0,45,46,0.003937007874015748,0.1,0.0003937007874015748
Too Sad to Dance,Jung Kook,2024-12-16,2024-12-23,7.0,47,45,0.013779527559055118,0.12,0.001653543307086614
ETA,NewJeans,2024-12-24,2024-12-27,3.0,45,50,0.005905511811023622,0.02,0.00011811023622047244
Hate You,Jung Kook,2024-12-24,2024-12-27,3.0,49,47,0.005905511811023622,0.08,0.00047244094488188977
"Angel Pt. 1 (feat. Jimin of BTS, JVKE & Muni Long) - Trailer Version",Fast & Furious: The Fast Saga & Jimin & BTS,2024-12-26,2024-12-28,2.0,41,41,0.003937007874015748,0.2,0.0007874015748031496
Cruel Summer,Taylor Swift,2024-10-25,2024-12-28,64.0,50,48,0.12598425196850394,0.06,0.007559055118110235
Get A Guitar,RIIZE,2024-12-24,2024-12-28,4.0,50,38,0.007874015748031496,0.26,0.002047244094488189
Left and Right (Feat. Jung Kook of BTS),Charlie Puth,2024-12-01,2024-12-28,27.0,22,42,0.0531496062992126,0.18,0.009566929133858268
Love Letter,Lim Young Woong,2024-12-24,2024-12-28,4.0,47,43,0.007874015748031496,0.16,0.0012598425196850393
My Love Mine All Mine,Mitski,2024-12-23,2024-12-28,5.0,48,44,0.00984251968503937,0.14,0.001377952755905512
New Jeans,NewJeans,2024-11-03,2024-12-28,55.0,48,47,0.10826771653543307,0.08,0.008661417322834646
OMG,NewJeans,2024-12-24,2024-12-28,4.0,46,40,0.007874015748031496,0.22,0.001732283464566929
Please Don't Change (feat. DJ Snake),Jung Kook,2024-12-23,2024-12-28,5.0,46,50,0.00984251968503937,0.02,0.0001968503937007874
You & Me,JENNIE,2024-12-15,2024-12-28,13.0,50,46,0.025590551181102362,0.1,0.002559055118110236
Closer to You (feat. Major Lazer),Jung Kook,2024-12-21,2024-12-29,8.0,47,43,0.015748031496062992,0.16,0.0025196850393700786
Shot Glass of Tears,Jung Kook,2024-12-19,2024-12-29,10.0,50,50,0.01968503937007874,0.02,0.0003937007874015748
Hype Boy,NewJeans,2024-12-11,2024-12-30,19.0,50,46,0.03740157480314961,0.1,0.003740157480314961
Nest,Lim Young Woong,2024-12-19,2024-12-30,11.0,49,50,0.021653543307086614,0.02,0.0004330708661417323
Blue,V,2024-11-07,2024-12-31,54.0,46,46,0.1062992125984252,0.1,0.010629921259842521
For Us,V,2024-11-09,2024-12-31,52.0,48,44,0.10236220472440945,0.14,0.014330708661417325
Slow Dancing (Piano Ver.),V,2024-11-07,2024-12-31,54.0,48,49,0.1062992125984252,0.04,0.0042519685039370085
New Jeans,NewJeans,2024-12-30,2025-01-01,2.0,48,50,0.003937007874015748,0.02,7.874015748031496e-05
Please Don't Change (feat. DJ Snake),Jung Kook,2024-12-30,2025-01-01,2.0,44,45,0.003937007874015748,0.12,0.0004724409448818897
Blue,V,2024-12-31,2025-01-03,3.0,46,43,0.005905511811023622,0.16,0.0009448818897637795
My Starry Love,Lim Young Woong,2024-12-13,2025-01-03,21.0,48,50,0.04133858267716536,0.02,0.0008267716535433072
Nest,Lim Young Woong,2024-12-30,2025-01-03,4.0,50,49,0.007874015748031496,0.04,0.00031496062992125983
Hype Boy,NewJeans,2024-12-30,2025-01-04,5.0,46,48,0.00984251968503937,0.06,0.0005905511811023622
New Jeans,NewJeans,2025-01-02,2025-01-04,2.0,50,50,0.003937007874015748,0.02,7.874015748031496e-05
You & Me,JENNIE,2025-01-02,2025-01-04,2.0,48,47,0.003937007874015748,0.08,0.00031496062992125983
Baddie,IVE,2024-12-18,2025-01-05,18.0,50,50,0.03543307086614173,0.02,0.0007086614173228347
Closer to You (feat. Major Lazer),Jung Kook,2024-12-29,2025-01-05,7.0,43,46,0.013779527559055118,0.1,0.0013779527559055118
New Jeans,NewJeans,2025-01-04,2025-01-06,2.0,50,41,0.003937007874015748,0.2,0.0007874015748031496
You & Me,JENNIE,2025-01-04,2025-01-06,2.0,47,47,0.003937007874015748,0.08,0.00031496062992125983
Blue,V,2025-01-05,2025-01-07,2.0,48,50,0.003937007874015748,0.02,7.874015748031496e-05
Love Letter,Lim Young Woong,2025-01-05,2025-01-07,2.0,44,46,0.003937007874015748,0.1,0.0003937007874015748
My Love Mine All Mine,Mitski,2025-01-06,2025-01-09,3.0,49,47,0.005905511811023622,0.08,0.00047244094488188977
New Jeans,NewJeans,2025-01-06,2025-01-09,3.0,41,50,0.005905511811023622,0.02,0.00011811023622047244
Closer to You (feat. Major Lazer),Jung Kook,2025-01-05,2025-01-10,5.0,46,47,0.00984251968503937,0.08,0.0007874015748031496
Cupido,Engel Montaz & Kuv507 & Latinnites Music,2025-01-08,2025-01-10,2.0,47,32,0.003937007874015748,0.38,0.0014960629921259843
Talk Saxy,RIIZE,2024-12-15,2025-01-10,26.0,48,49,0.051181102362204724,0.04,0.002047244094488189
Blue,V,2025-01-09,2025-01-11,2.0,49,48,0.003937007874015748,0.06,0.00023622047244094486
My Starry Love,Lim Young Woong,2025-01-03,2025-01-11,8.0,50,49,0.015748031496062992,0.04,0.0006299212598425197
Nest,Lim Young Woong,2025-01-03,2025-01-11,8.0,49,50,0.015748031496062992,0.02,0.00031496062992125983
Closer to You (feat. Major Lazer),Jung Kook,2025-01-10,2025-01-12,2.0,47,50,0.003937007874015748,0.02,7.874015748031496e-05
Talk Saxy,RIIZE,2025-01-10,2025-01-12,2.0,49,46,0.003937007874015748,0.1,0.0003937007874015748
You & Me,JENNIE,2025-01-08,2025-01-12,4.0,49,48,0.007874015748031496,0.06,0.0004724409448818897
New Jeans,NewJeans,2025-01-09,2025-01-13,4.0,50,49,0.007874015748031496,0.04,0.00031496062992125983
Closer to You (feat. Major Lazer),Jung Kook,2025-01-12,2025-01-16,4.0,50,49,0.007874015748031496,0.04,0.00031496062992125983
Lost and Found,KingLee & Lil' Flip,2024-12-28,2025-01-16,19.0,27,8,0.03740157480314961,0.86,0.03216535433070866
All Or Nothing,J Money & KingLee,2024-12-22,2025-01-17,26.0,30,26,0.051181102362204724,0.5,0.025590551181102362
Talk Saxy,RIIZE,2025-01-13,2025-01-17,4.0,44,50,0.007874015748031496,0.02,0.00015748031496062991
Love Letter,Lim Young Woong,2025-01-16,2025-01-18,2.0,44,48,0.003937007874015748,0.06,0.00023622047244094486
Lovin On Me,Jack Harlow,2025-01-15,2025-01-18,3.0,50,49,0.005905511811023622,0.04,0.00023622047244094488
Left and Right (Feat. Jung Kook of BTS),Charlie Puth,2025-01-19,2025-01-21,2.0,48,44,0.003937007874015748,0.14,0.0005511811023622047
Please Don't Change (feat. DJ Snake),Jung Kook,2025-01-16,2025-01-21,5.0,45,36,0.00984251968503937,0.3,0.002952755905511811
Baddie,IVE,2025-01-06,2025-01-22,16.0,48,49,0.031496062992125984,0.04,0.0012598425196850393
Father,Lim Young Woong,2025-01-20,2025-01-22,2.0,42,42,0.003937007874015748,0.18,0.0007086614173228346
Love Letter,Lim Young Woong,2025-01-20,2025-01-22,2.0,50,50,0.003937007874015748,0.02,7.874015748031496e-05
Please Don't Change (feat. DJ Snake),Jung Kook,2025-01-21,2025-01-23,2.0,36,49,0.003937007874015748,0.04,0.00015748031496062991
With you,Jimin & HA SUNG WOON,2024-07-06,2025-01-23,201.0,50,28,0.3956692913385827,0.46,0.18200787401574806
Lovin On Me,Jack Harlow,2025-01-22,2025-01-24,2.0,46,47,0.003937007874015748,0.08,0.00031496062992125983
GODS,League of Legends & NewJeans,2025-01-22,2025-01-25,3.0,45,48,0.005905511811023622,0.06,0.0003543307086614173
Somebody,Jung Kook,2024-12-21,2025-01-25,35.0,49,50,0.0688976377952756,0.02,0.0013779527559055118
Please Don't Change (feat. DJ Snake),Jung Kook,2025-01-24,2025-01-26,2.0,48,49,0.003937007874015748,0.04,0.00015748031496062991
Love Letter,Lim Young Woong,2025-01-22,2025-01-27,5.0,50,48,0.00984251968503937,0.06,0.0005905511811023622
Talk Saxy,RIIZE,2025-01-21,2025-01-27,6.0,50,49,0.011811023622047244,0.04,0.00047244094488188977
Left and Right (Feat. Jung Kook of BTS),Charlie Puth,2025-01-24,2025-01-28,4.0,50,50,0.007874015748031496,0.02,0.00015748031496062991
OMG,NewJeans,2025-01-26,2025-01-28,2.0,50,49,0.003937007874015748,0.04,0.00015748031496062991
Somebody,Jung Kook,2025-01-25,2025-01-28,3.0,50,46,0.005905511811023622,0.1,0.0005905511811023622
Hate You,Jung Kook,2025-01-27,2025-01-30,3.0,46,45,0.005905511811023622,0.12,0.0007086614173228346
Interlude : Dive,Jimin,2025-01-27,2025-01-30,3.0,34,44,0.005905511811023622,0.14,0.0008267716535433072
GODS,League of Legends & NewJeans,2025-01-25,2025-01-31,6.0,48,49,0.011811023622047244,0.04,0.00047244094488188977
Love Letter,Lim Young Woong,2025-01-30,2025-02-01,2.0,49,49,0.003937007874015748,0.04,0.00015748031496062991
OMG,NewJeans,2025-01-29,2025-02-01,3.0,49,50,0.005905511811023622,0.02,0.00011811023622047244
Hate You,Jung Kook,2025-01-30,2025-02-02,3.0,45,44,0.005905511811023622,0.14,0.0008267716535433072
Interlude : Dive,Jimin,2025-01-31,2025-02-02,2.0,36,47,0.003937007874015748,0.08,0.00031496062992125983
Somebody,Jung Kook,2025-01-31,2025-02-02,2.0,48,48,0.003937007874015748,0.06,0.00023622047244094486
Beautiful Things,Benson Boone,2025-02-01,2025-02-03,2.0,48,50,0.003937007874015748,0.02,7.874015748031496e-05
MANIAC,VIVIZ,2025-02-01,2025-02-03,2.0,46,48,0.003937007874015748,0.06,0.00023622047244094486
Please Don't Change (feat. DJ Snake),Jung Kook,2025-01-26,2025-02-03,8.0,49,46,0.015748031496062992,0.1,0.0015748031496062992
Interlude : Dive,Jimin,2025-02-02,2025-02-04,2.0,47,48,0.003937007874015748,0.06,0.00023622047244094486
OMG,NewJeans,2025-02-01,2025-02-04,3.0,50,50,0.005905511811023622,0.02,0.00011811023622047244
Beautiful Things,Benson Boone,2025-02-03,2025-02-05,2.0,50,46,0.003937007874015748,0.1,0.0003937007874015748
Please Don't Change (feat. DJ Snake),Jung Kook,2025-02-03,2025-02-05,2.0,46,50,0.003937007874015748,0.02,7.874015748031496e-05
Love Letter,Lim Young Woong,2025-02-01,2025-02-07,6.0,49,50,0.011811023622047244,0.02,0.00023622047244094488
Interlude : Dive,Jimin,2025-02-06,2025-02-08,2.0,39,49,0.003937007874015748,0.04,0.00015748031496062991
Somebody,Jung Kook,2025-02-02,2025-02-08,6.0,48,47,0.011811023622047244,0.08,0.0009448818897637795
MANIAC,VIVIZ,2025-02-04,2025-02-09,5.0,49,48,0.00984251968503937,0.06,0.0005905511811023622
Hype Boy,NewJeans,2025-01-15,2025-02-10,26.0,46,49,0.051181102362204724,0.04,0.002047244094488189
Left and Right (Feat. Jung Kook of BTS),Charlie Puth,2025-01-29,2025-02-10,12.0,50,46,0.023622047244094488,0.1,0.002362204724409449
New Jeans,NewJeans,2025-01-15,2025-02-10,26.0,49,45,0.051181102362204724,0.12,0.0061417322834645665
OMG,NewJeans,2025-02-04,2025-02-10,6.0,50,43,0.011811023622047244,0.16,0.001889763779527559
Somebody,Jung Kook,2025-02-08,2025-02-10,2.0,47,48,0.003937007874015748,0.06,0.00023622047244094486
A Psalm of Life,Lim Young Woong,2025-02-09,2025-02-11,2.0,45,49,0.003937007874015748,0.04,0.00015748031496062991
HERO,Lim Young Woong,2025-02-09,2025-02-11,2.0,41,46,0.003937007874015748,0.1,0.0003937007874015748
Lovely Touch,Lim Young Woong,2025-02-09,2025-02-11,2.0,44,50,0.003937007874015748,0.02,7.874015748031496e-05
Love Always Run Away,Lim Young Woong,2025-02-09,2025-02-12,3.0,50,46,0.005905511811023622,0.1,0.0005905511811023622
New Jeans,NewJeans,2025-02-10,2025-02-12,2.0,45,43,0.003937007874015748,0.16,0.0006299212598425197
Please Don't Change (feat. DJ Snake),Jung Kook,2025-02-07,2025-02-13,6.0,48,45,0.011811023622047244,0.12,0.0014173228346456691
Somebody,Jung Kook,2025-02-10,2025-02-13,3.0,48,49,0.005905511811023622,0.04,0.00023622047244094488
Bling-Bang-Bang-Born,Creepy Nuts,2025-02-12,2025-02-14,2.0,38,50,0.003937007874015748,0.02,7.874015748031496e-05
Interlude : Dive,Jimin,2025-02-11,2025-02-14,3.0,42,24,0.005905511811023622,0.54,0.003188976377952756
MANIAC,VIVIZ,2025-02-12,2025-02-14,2.0,47,49,0.003937007874015748,0.04,0.00015748031496062991
My Love Mine All Mine,Mitski,2025-02-12,2025-02-14,2.0,39,42,0.003937007874015748,0.18,0.0007086614173228346
New Jeans,NewJeans,2025-02-12,2025-02-14,2.0,43,48,0.003937007874015748,0.06,0.00023622047244094486
OMG,NewJeans,2025-02-12,2025-02-14,2.0,41,47,0.003937007874015748,0.08,0.00031496062992125983
Super Lady,(G)I-DLE,2025-02-12,2025-02-15,3.0,45,48,0.005905511811023622,0.06,0.0003543307086614173
"yes, and?",Ariana Grande,2025-02-12,2025-02-15,3.0,48,45,0.005905511811023622,0.12,0.0007086614173228346
Ditto,NewJeans,2025-02-12,2025-02-16,4.0,42,50,0.007874015748031496,0.02,0.00015748031496062991
Somebody,Jung Kook,2025-02-14,2025-02-17,3.0,41,45,0.005905511811023622,0.12,0.0007086614173228346
HERO,Lim Young Woong,2025-02-12,2025-02-18,6.0,49,50,0.011811023622047244,0.02,0.00023622047244094488
I Love You,Lim Young Woong,2025-02-15,2025-02-18,3.0,50,47,0.005905511811023622,0.08,0.00047244094488188977
A Psalm of Life,Lim Young Woong,2025-02-12,2025-02-19,7.0,50,45,0.013779527559055118,0.12,0.001653543307086614
Father,Lim Young Woong,2025-02-09,2025-02-19,10.0,46,46,0.01968503937007874,0.1,0.001968503937007874
Love Always Run Away,Lim Young Woong,2025-02-12,2025-02-19,7.0,46,43,0.013779527559055118,0.16,0.002204724409448819
Lovely Touch,Lim Young Woong,2025-02-11,2025-02-19,8.0,50,44,0.015748031496062992,0.14,0.002204724409448819
ETA,NewJeans,2025-02-21,2025-02-23,2.0,48,49,0.003937007874015748,0.04,0.00015748031496062991
I Love You,Lim Young Woong,2025-02-20,2025-02-23,3.0,42,50,0.005905511811023622,0.02,0.00011811023622047244
Interlude : Dive,Jimin,2025-02-21,2025-02-24,3.0,44,39,0.005905511811023622,0.24,0.0014173228346456691
Closer to You (feat. Major Lazer),Jung Kook,2025-01-16,2025-02-25,40.0,49,49,0.07874015748031496,0.04,0.0031496062992125984
A Psalm of Life,Lim Young Woong,2025-02-20,2025-02-26,6.0,45,46,0.011811023622047244,0.1,0.0011811023622047244
Father,Lim Young Woong,2025-02-20,2025-02-26,6.0,46,50,0.011811023622047244,0.02,0.00023622047244094488
I Love You,Lim Young Woong,2025-02-23,2025-02-26,3.0,50,48,0.005905511811023622,0.06,0.0003543307086614173
Somebody,Jung Kook,2025-02-17,2025-02-26,9.0,45,45,0.017716535433070866,0.12,0.002125984251968504
MANIAC,VIVIZ,2025-02-17,2025-02-28,11.0,49,50,0.021653543307086614,0.02,0.0004330708661417323
New Jeans,NewJeans,2025-02-18,2025-02-28,10.0,48,48,0.01968503937007874,0.06,0.0011811023622047244
Shot Glass of Tears,Jung Kook,2024-12-29,2025-03-01,62.0,50,44,0.1220472440944882,0.14,0.01708661417322835
Too Sad to Dance,Jung Kook,2024-12-23,2025-03-01,68.0,45,39,0.13385826771653545,0.24,0.032125984251968505
Closer to You (feat. Major Lazer),Jung Kook,2025-02-28,2025-03-02,2.0,45,47,0.003937007874015748,0.08,0.00031496062992125983
My Love Mine All Mine,Mitski,2025-02-25,2025-03-02,5.0,50,46,0.00984251968503937,0.1,0.000984251968503937
Rainy Days,V,2025-02-20,2025-03-02,10.0,33,50,0.01968503937007874,0.02,0.0003937007874015748
Standing Next to You,Jung Kook,2025-03-01,2025-03-03,2.0,8,8,0.003937007874015748,0.86,0.0033858267716535433
I Love You,Lim Young Woong,2025-02-28,2025-03-04,4.0,49,50,0.007874015748031496,0.02,0.00015748031496062991
CARNIVAL,¥$ & Kanye West & Ty Dolla $ign,2025-02-21,2025-03-06,13.0,43,50,0.025590551181102362,0.02,0.0005118110236220473
Interlude : Dive,Jimin,2025-03-02,2025-03-06,4.0,34,43,0.007874015748031496,0.16,0.0012598425196850393
STUPID IN LOVE (feat. HUH YUNJIN of LE SSERAFIM),MAX,2025-02-18,2025-03-06,16.0,46,49,0.031496062992125984,0.04,0.0012598425196850393
Closer to You (feat. Major Lazer),Jung Kook,2025-03-05,2025-03-07,2.0,37,48,0.003937007874015748,0.06,0.00023622047244094486
Somebody,Jung Kook,2025-03-05,2025-03-07,2.0,42,41,0.003937007874015748,0.2,0.0007874015748031496
CARNIVAL,¥$ & Kanye West & Ty Dolla $ign,2025-03-06,2025-03-08,2.0,50,48,0.003937007874015748,0.06,0.00023622047244094486
New Jeans,NewJeans,2025-03-06,2025-03-08,2.0,47,45,0.003937007874015748,0.12,0.0004724409448818897
Saturn,SZA,2025-03-01,2025-03-08,7.0,43,49,0.013779527559055118,0.04,0.0005511811023622047
I Love You,Lim Young Woong,2025-03-05,2025-03-09,4.0,50,46,0.007874015748031496,0.1,0.0007874015748031496
wherever u r (ft. V of BTS),UMI & V,2025-03-07,2025-03-09,2.0,49,49,0.003937007874015748,0.04,0.00015748031496062991
Somebody,Jung Kook,2025-03-08,2025-03-10,2.0,42,50,0.003937007874015748,0.02,7.874015748031496e-05
"yes, and?",Ariana Grande,2025-02-18,2025-03-10,20.0,49,30,0.03937007874015748,0.42,0.01653543307086614
Ditto,NewJeans,2025-02-17,2025-03-11,22.0,50,49,0.04330708661417323,0.04,0.0017322834645669292
Hate You,Jung Kook,2025-03-09,2025-03-11,2.0,43,47,0.003937007874015748,0.08,0.00031496062992125983
Rainy Days,V,2025-03-09,2025-03-11,2.0,50,44,0.003937007874015748,0.14,0.0005511811023622047
Bling-Bang-Bang-Born,Creepy Nuts,2025-02-20,2025-03-13,21.0,50,48,0.04133858267716536,0.06,0.0024803149606299215
3D (feat. Jack Harlow),Jung Kook,2025-03-13,2025-03-15,2.0,5,6,0.003937007874015748,0.9,0.003543307086614173
A bientot,Lim Young Woong,2025-03-13,2025-03-15,2.0,39,38,0.003937007874015748,0.26,0.0010236220472440946
AK47,Men's Tear & 뷰티풀너드,2025-03-13,2025-03-15,2.0,32,35,0.003937007874015748,0.32,0.0012598425196850393
Alone,Jimin,2025-03-13,2025-03-15,2.0,23,23,0.003937007874015748,0.56,0.002204724409448819
Bam Yang Gang,BIBI,2025-03-13,2025-03-15,2.0,9,10,0.003937007874015748,0.82,0.003228346456692913
Beautiful Things,Benson Boone,2025-03-13,2025-03-15,2.0,22,21,0.003937007874015748,0.6,0.002362204724409449
Bling-Bang-Bang-Born,Creepy Nuts,2025-03-13,2025-03-15,2.0,48,45,0.003937007874015748,0.12,0.0004724409448818897
CARNIVAL,¥$ & Kanye West & Ty Dolla $ign,2025-03-08,2025-03-15,7.0,48,42,0.013779527559055118,0.18,0.002480314960629921
Closer Than This,Jimin,2025-03-13,2025-03-15,2.0,7,8,0.003937007874015748,0.86,0.0033858267716535433
Cruel Summer,Taylor Swift,2025-03-13,2025-03-15,2.0,29,24,0.003937007874015748,0.54,0.0021259842519685043
Do or Die,Lim Young Woong,2025-03-13,2025-03-15,2.0,12,12,0.003937007874015748,0.78,0.0030708661417322837
Drama,aespa,2025-03-13,2025-03-15,2.0,35,32,0.003937007874015748,0.38,0.0014960629921259843
EASY,LE SSERAFIM,2025-03-13,2025-03-15,2.0,4,3,0.003937007874015748,0.96,0.0037795275590551177
ETA,NewJeans,2025-03-13,2025-03-15,2.0,45,43,0.003937007874015748,0.16,0.0006299212598425197
Face-off,Jimin,2025-03-13,2025-03-15,2.0,24,25,0.003937007874015748,0.52,0.002047244094488189
Fate,(G)I-DLE,2025-03-13,2025-03-15,2.0,14,14,0.003937007874015748,0.74,0.0029133858267716534
Get A Guitar,RIIZE,2025-03-13,2025-03-15,2.0,37,40,0.003937007874015748,0.22,0.0008661417322834645
Grain of Sand,Lim Young Woong,2025-03-13,2025-03-15,2.0,13,13,0.003937007874015748,0.76,0.0029921259842519685
Hate You,Jung Kook,2025-03-13,2025-03-15,2.0,44,39,0.003937007874015748,0.24,0.0009448818897637794
Holssi,IU,2025-03-13,2025-03-15,2.0,28,30,0.003937007874015748,0.42,0.001653543307086614
If We Ever Meet Again,Lim Young Woong,2025-03-13,2025-03-15,2.0,21,22,0.003937007874015748,0.58,0.0022834645669291337
Interlude : Dive,Jimin,2025-03-13,2025-03-15,2.0,33,34,0.003937007874015748,0.34,0.0013385826771653544
Like Crazy,Jimin,2025-03-13,2025-03-15,2.0,1,1,0.003937007874015748,1.0,0.003937007874015748
Like Crazy (English Version),Jimin,2025-03-13,2025-03-15,2.0,3,4,0.003937007874015748,0.94,0.003700787401574803
London Boy,Lim Young Woong,2025-03-13,2025-03-15,2.0,15,15,0.003937007874015748,0.72,0.0028346456692913383
Love 119,RIIZE,2025-03-13,2025-03-15,2.0,26,26,0.003937007874015748,0.5,0.001968503937007874
Love Me Again,V,2025-03-13,2025-03-15,2.0,18,17,0.003937007874015748,0.68,0.002677165354330709
Love wins all,IU,2025-03-13,2025-03-15,2.0,27,28,0.003937007874015748,0.46,0.0018110236220472442
My Love Mine All Mine,Mitski,2025-03-13,2025-03-15,2.0,47,50,0.003937007874015748,0.02,7.874015748031496e-05
"Our Blues, Our Life",Lim Young Woong,2025-03-13,2025-03-15,2.0,38,37,0.003937007874015748,0.28,0.0011023622047244095
Perfect Night,LE SSERAFIM,2025-03-13,2025-03-15,2.0,16,16,0.003937007874015748,0.7,0.0027559055118110236
Please Don't Change (feat. DJ Snake),Jung Kook,2025-03-09,2025-03-15,6.0,41,49,0.011811023622047244,0.04,0.00047244094488188977
Polaroid,Lim Young Woong,2025-03-13,2025-03-15,2.0,19,19,0.003937007874015748,0.64,0.0025196850393700786
Rainbow,Lim Young Woong,2025-03-13,2025-03-15,2.0,31,31,0.003937007874015748,0.4,0.0015748031496062992
Rainy Days,V,2025-03-13,2025-03-15,2.0,50,48,0.003937007874015748,0.06,0.00023622047244094486
Saturn,SZA,2025-03-13,2025-03-15,2.0,46,46,0.003937007874015748,0.1,0.0003937007874015748
Set Me Free Pt.2,Jimin,2025-03-13,2025-03-15,2.0,6,7,0.003937007874015748,0.88,0.003464566929133858
Seven (feat. Latto) (Explicit Ver.),Jung Kook,2025-03-13,2025-03-15,2.0,2,2,0.003937007874015748,0.98,0.003858267716535433
Slow Dancing,V,2025-03-13,2025-03-15,2.0,41,36,0.003937007874015748,0.3,0.0011811023622047244
Smart,LE SSERAFIM,2025-03-13,2025-03-15,2.0,10,9,0.003937007874015748,0.84,0.003307086614173228
Standing Next to You,Jung Kook,2025-03-13,2025-03-15,2.0,8,5,0.003937007874015748,0.92,0.0036220472440944883
Super Shy,NewJeans,2025-03-13,2025-03-15,2.0,36,33,0.003937007874015748,0.36,0.0014173228346456691
Swan Song,LE SSERAFIM,2025-03-13,2025-03-15,2.0,42,44,0.003937007874015748,0.14,0.0005511811023622047
To. X,TAEYEON,2025-03-13,2025-03-15,2.0,20,20,0.003937007874015748,0.62,0.002440944881889764
Yes or No,Jung Kook,2025-03-13,2025-03-15,2.0,30,27,0.003937007874015748,0.48,0.0018897637795275589
"Yes or No (Feat. 허윤진 of LE SSERAFIM, Crush)",GroovyRoom & HUH YUNJIN,2025-03-13,2025-03-15,2.0,43,41,0.003937007874015748,0.2,0.0007874015748031496
bye,Ariana Grande,2025-03-13,2025-03-15,2.0,34,47,0.003937007874015748,0.08,0.00031496062992125983
plot twist,TWS,2025-03-13,2025-03-15,2.0,11,11,0.003937007874015748,0.8,0.0031496062992125984
we can't be friends (wait for your love),Ariana Grande,2025-03-13,2025-03-15,2.0,17,18,0.003937007874015748,0.66,0.0025984251968503938
"yes, and?",Ariana Grande,2025-03-13,2025-03-15,2.0,25,29,0.003937007874015748,0.44,0.001732283464566929
Closer to You (feat. Major Lazer),Jung Kook,2025-03-07,2025-03-16,9.0,48,50,0.017716535433070866,0.02,0.00035433070866141734
New Jeans,NewJeans,2025-03-10,2025-03-16,6.0,47,49,0.011811023622047244,0.04,0.00047244094488188977
wherever u r (ft. V of BTS),UMI & V,2025-03-10,2025-03-16,6.0,46,41,0.011811023622047244,0.2,0.002362204724409449
Too Sad to Dance,Jung Kook,2025-03-01,2025-03-17,16.0,39,40,0.031496062992125984,0.22,0.006929133858267716
Ditto,NewJeans,2025-03-12,2025-03-18,6.0,49,50,0.011811023622047244,0.02,0.00023622047244094488
New Jeans,NewJeans,2025-03-16,2025-03-18,2.0,49,47,0.003937007874015748,0.08,0.00031496062992125983
My Love Mine All Mine,Mitski,2025-03-15,2025-03-19,4.0,50,47,0.007874015748031496,0.08,0.0006299212598425197
Too Sad to Dance,Jung Kook,2025-03-17,2025-03-19,2.0,40,41,0.003937007874015748,0.2,0.0007874015748031496
New Jeans,NewJeans,2025-03-18,2025-03-20,2.0,47,50,0.003937007874015748,0.02,7.874015748031496e-05
Too Sad to Dance,Jung Kook,2025-03-19,2025-03-21,2.0,41,50,0.003937007874015748,0.02,7.874015748031496e-05
My Love Mine All Mine,Mitski,2025-03-20,2025-03-22,2.0,48,50,0.003937007874015748,0.02,7.874015748031496e-05
New Jeans,NewJeans,2025-03-20,2025-03-22,2.0,50,49,0.003937007874015748,0.04,0.00015748031496062991
STUPID IN LOVE (feat. HUH YUNJIN of LE SSERAFIM),MAX,2025-03-07,2025-03-23,16.0,45,48,0.031496062992125984,0.06,0.0018897637795275589
Rainy Days,V,2025-03-16,2025-03-24,8.0,39,44,0.015748031496062992,0.14,0.002204724409448819
3D (feat. Jack Harlow),Jung Kook,2025-03-24,2025-03-26,2.0,4,5,0.003937007874015748,0.92,0.0036220472440944883
A bientot,Lim Young Woong,2025-03-24,2025-03-26,2.0,40,38,0.003937007874015748,0.26,0.0010236220472440946
AK47,Men's Tear & 뷰티풀너드,2025-03-24,2025-03-26,2.0,43,40,0.003937007874015748,0.22,0.0008661417322834645
Alone,Jimin,2025-03-24,2025-03-26,2.0,21,23,0.003937007874015748,0.56,0.002204724409448819
Bam Yang Gang,BIBI,2025-03-24,2025-03-26,2.0,16,14,0.003937007874015748,0.74,0.0029133858267716534
Beautiful Things,Benson Boone,2025-03-24,2025-03-26,2.0,23,22,0.003937007874015748,0.58,0.0022834645669291337
Bling-Bang-Bang-Born,Creepy Nuts,2025-03-24,2025-03-26,2.0,46,42,0.003937007874015748,0.18,0.0007086614173228346
Closer Than This,Jimin,2025-03-24,2025-03-26,2.0,7,6,0.003937007874015748,0.9,0.003543307086614173
Cruel Summer,Taylor Swift,2025-03-24,2025-03-26,2.0,30,29,0.003937007874015748,0.44,0.001732283464566929
Ditto,NewJeans,2025-03-18,2025-03-26,8.0,50,49,0.015748031496062992,0.04,0.0006299212598425197
Do or Die,Lim Young Woong,2025-03-24,2025-03-26,2.0,13,15,0.003937007874015748,0.72,0.0028346456692913383
Drama,aespa,2025-03-24,2025-03-26,2.0,37,35,0.003937007874015748,0.32,0.0012598425196850393
EASY,LE SSERAFIM,2025-03-24,2025-03-26,2.0,8,8,0.003937007874015748,0.86,0.0033858267716535433
ETA,NewJeans,2025-03-24,2025-03-26,2.0,39,39,0.003937007874015748,0.24,0.0009448818897637794
FRI(END)S,V,2025-03-24,2025-03-26,2.0,9,10,0.003937007874015748,0.82,0.003228346456692913
Face-off,Jimin,2025-03-24,2025-03-26,2.0,24,25,0.003937007874015748,0.52,0.002047244094488189
Fate,(G)I-DLE,2025-03-24,2025-03-26,2.0,11,9,0.003937007874015748,0.84,0.003307086614173228
Get A Guitar,RIIZE,2025-03-24,2025-03-26,2.0,45,44,0.003937007874015748,0.14,0.0005511811023622047
Grain of Sand,Lim Young Woong,2025-03-24,2025-03-26,2.0,14,16,0.003937007874015748,0.7,0.0027559055118110236
Hate You,Jung Kook,2025-03-24,2025-03-26,2.0,42,45,0.003937007874015748,0.12,0.0004724409448818897
Holssi,IU,2025-03-23,2025-03-26,3.0,49,48,0.005905511811023622,0.06,0.0003543307086614173
Hype Boy,NewJeans,2025-02-10,2025-03-26,44.0,49,47,0.08661417322834646,0.08,0.006929133858267717
If We Ever Meet Again,Lim Young Woong,2025-03-24,2025-03-26,2.0,26,24,0.003937007874015748,0.54,0.0021259842519685043
Interlude : Dive,Jimin,2025-03-24,2025-03-26,2.0,27,27,0.003937007874015748,0.48,0.0018897637795275589
Like Crazy,Jimin,2025-03-24,2025-03-26,2.0,1,1,0.003937007874015748,1.0,0.003937007874015748
Like Crazy (English Version),Jimin,2025-03-24,2025-03-26,2.0,3,3,0.003937007874015748,0.96,0.0037795275590551177
London Boy,Lim Young Woong,2025-03-24,2025-03-26,2.0,17,17,0.003937007874015748,0.68,0.002677165354330709
Love 119,RIIZE,2025-03-24,2025-03-26,2.0,31,30,0.003937007874015748,0.42,0.001653543307086614
Love Me Again,V,2025-03-24,2025-03-26,2.0,12,12,0.003937007874015748,0.78,0.0030708661417322837
Love wins all,IU,2025-03-24,2025-03-26,2.0,36,34,0.003937007874015748,0.34,0.0013385826771653544
New Jeans,NewJeans,2025-03-24,2025-03-26,2.0,50,46,0.003937007874015748,0.1,0.0003937007874015748
"Our Blues, Our Life",Lim Young Woong,2025-03-24,2025-03-26,2.0,38,37,0.003937007874015748,0.28,0.0011023622047244095
Perfect Night,LE SSERAFIM,2025-03-24,2025-03-26,2.0,18,18,0.003937007874015748,0.66,0.0025984251968503938
Polaroid,Lim Young Woong,2025-03-24,2025-03-26,2.0,20,20,0.003937007874015748,0.62,0.002440944881889764
Rainbow,Lim Young Woong,2025-03-24,2025-03-26,2.0,33,33,0.003937007874015748,0.36,0.0014173228346456691
STUPID IN LOVE (feat. HUH YUNJIN of LE SSERAFIM),MAX,2025-03-24,2025-03-26,2.0,49,32,0.003937007874015748,0.38,0.0014960629921259843
Set Me Free Pt.2,Jimin,2025-03-24,2025-03-26,2.0,5,4,0.003937007874015748,0.94,0.003700787401574803
Seven (feat. Latto) (Explicit Ver.),Jung Kook,2025-03-24,2025-03-26,2.0,2,2,0.003937007874015748,0.98,0.003858267716535433
Slow Dancing,V,2025-03-24,2025-03-26,2.0,25,26,0.003937007874015748,0.5,0.001968503937007874
Smart,LE SSERAFIM,2025-03-24,2025-03-26,2.0,10,11,0.003937007874015748,0.8,0.0031496062992125984
Standing Next to You,Jung Kook,2025-03-24,2025-03-26,2.0,6,7,0.003937007874015748,0.88,0.003464566929133858
Super Shy,NewJeans,2025-03-24,2025-03-26,2.0,29,31,0.003937007874015748,0.4,0.0015748031496062992
To. X,TAEYEON,2025-03-24,2025-03-26,2.0,22,21,0.003937007874015748,0.6,0.002362204724409449
Welcome to the Show,DAY6,2025-03-24,2025-03-26,2.0,32,36,0.003937007874015748,0.3,0.0011811023622047244
Yes or No,Jung Kook,2025-03-24,2025-03-26,2.0,28,28,0.003937007874015748,0.46,0.0018110236220472442
"Yes or No (Feat. 허윤진 of LE SSERAFIM, Crush)",GroovyRoom & HUH YUNJIN,2025-03-24,2025-03-26,2.0,47,41,0.003937007874015748,0.2,0.0007874015748031496
plot twist,TWS,2025-03-24,2025-03-26,2.0,15,13,0.003937007874015748,0.76,0.0029921259842519685
we can't be friends (wait for your love),Ariana Grande,2025-03-24,2025-03-26,2.0,19,19,0.003937007874015748,0.64,0.0025196850393700786
My Love Mine All Mine,Mitski,2025-03-22,2025-03-27,5.0,50,41,0.00984251968503937,0.2,0.001968503937007874
Like That,Future & Metro Boomin,2025-03-27,2025-03-29,2.0,48,46,0.003937007874015748,0.1,0.0003937007874015748
Hype Boy,NewJeans,2025-03-26,2025-03-30,4.0,47,50,0.007874015748031496,0.02,0.00015748031496062991
My Love Mine All Mine,Mitski,2025-03-28,2025-03-30,2.0,46,49,0.003937007874015748,0.04,0.00015748031496062991
Ditto,NewJeans,2025-03-26,2025-04-01,6.0,49,47,0.011811023622047244,0.08,0.0009448818897637795
Hype Boy,NewJeans,2025-03-30,2025-04-01,2.0,50,46,0.003937007874015748,0.1,0.0003937007874015748
OMG,NewJeans,2025-02-18,2025-04-01,42.0,45,48,0.08267716535433071,0.06,0.004960629921259843
Time of Our Life -Japanese ver.- - Japanese ver.,DAY6,2025-03-29,2025-04-01,3.0,47,49,0.005905511811023622,0.04,0.00023622047244094488
Welcome to the Show,DAY6,2025-03-31,2025-04-02,2.0,47,48,0.003937007874015748,0.06,0.00023622047244094486
Hype Boy,NewJeans,2025-04-02,2025-04-04,2.0,49,48,0.003937007874015748,0.06,0.00023622047244094486
A bientot,Lim Young Woong,2025-04-03,2025-04-05,2.0,47,46,0.003937007874015748,0.1,0.0003937007874015748
Filter,BTS,2024-06-22,2025-04-06,288.0,50,31,0.5669291338582677,0.4,0.22677165354330708
Get A Guitar,RIIZE,2025-03-29,2025-04-06,8.0,48,49,0.015748031496062992,0.04,0.0006299212598425197
Drama,aespa,2025-04-05,2025-04-07,2.0,48,48,0.003937007874015748,0.06,0.00023622047244094486
ETA,NewJeans,2025-04-05,2025-04-07,2.0,50,50,0.003937007874015748,0.02,7.874015748031496e-05
If I have you only (My love X Nerd Connection),Nerd Connection,2025-04-02,2025-04-09,7.0,50,47,0.013779527559055118,0.08,0.0011023622047244095
No Tomorrow - Spotify Singles,Various Artists,2025-04-08,2025-04-10,2.0,50,46,0.003937007874015748,0.1,0.0003937007874015748
Hype Boy,NewJeans,2025-04-04,2025-04-11,7.0,48,46,0.013779527559055118,0.1,0.0013779527559055118
Get A Guitar,RIIZE,2025-04-10,2025-04-12,2.0,48,49,0.003937007874015748,0.04,0.00015748031496062991
If I have you only (My love X Nerd Connection),Nerd Connection,2025-04-09,2025-04-12,3.0,47,43,0.005905511811023622,0.16,0.0009448818897637795
Time of Our Life -Japanese ver.- - Japanese ver.,DAY6,2025-04-04,2025-04-14,10.0,49,42,0.01968503937007874,0.18,0.003543307086614173
You Were Beautiful,DAY6,2025-03-26,2025-04-14,19.0,50,48,0.03740157480314961,0.06,0.0022440944881889765
Welcome to the Show,DAY6,2025-04-04,2025-04-16,12.0,46,46,0.023622047244094488,0.1,0.002362204724409449
ETA,NewJeans,2025-04-16,2025-04-18,2.0,49,50,0.003937007874015748,0.02,7.874015748031496e-05
If I have you only (My love X Nerd Connection),Nerd Connection,2025-04-16,2025-04-18,2.0,45,49,0.003937007874015748,0.04,0.00015748031496062991
Welcome to the Show,DAY6,2025-04-16,2025-04-18,2.0,46,48,0.003937007874015748,0.06,0.00023622047244094486
A bientot,Lim Young Woong,2025-04-17,2025-04-19,2.0,40,43,0.003937007874015748,0.16,0.0006299212598425197
You Were Beautiful,DAY6,2025-04-17,2025-04-19,2.0,46,49,0.003937007874015748,0.04,0.00015748031496062991
Drama,aespa,2025-04-17,2025-04-20,3.0,49,50,0.005905511811023622,0.02,0.00011811023622047244
Love wins all,IU,2025-04-19,2025-04-21,2.0,47,48,0.003937007874015748,0.06,0.00023622047244094486
I’ll See You There Tomorrow,TOMORROW X TOGETHER,2025-04-20,2025-04-23,3.0,42,45,0.005905511811023622,0.12,0.0007086614173228346
Love 119,RIIZE,2025-04-20,2025-04-23,3.0,44,50,0.005905511811023622,0.02,0.00011811023622047244
Love You With All My Heart,Crush,2025-04-17,2025-04-23,6.0,48,48,0.011811023622047244,0.06,0.0007086614173228346
Lucky Girl Syndrome,ILLIT,2025-04-06,2025-04-23,17.0,45,44,0.03346456692913386,0.14,0.004685039370078741
Time of Our Life -Japanese ver.- - Japanese ver.,DAY6,2025-04-20,2025-04-23,3.0,47,49,0.005905511811023622,0.04,0.00023622047244094488
A bientot,Lim Young Woong,2025-04-22,2025-04-24,2.0,49,49,0.003937007874015748,0.04,0.00015748031496062991
Get A Guitar,RIIZE,2025-04-15,2025-04-24,9.0,50,50,0.017716535433070866,0.02,0.00035433070866141734
"Our Blues, Our Life",Lim Young Woong,2025-04-22,2025-04-24,2.0,47,47,0.003937007874015748,0.08,0.00031496062992125983
Time of Our Life -Japanese ver.- - Japanese ver.,DAY6,2025-04-23,2025-04-25,2.0,49,48,0.003937007874015748,0.06,0.00023622047244094486
Cruel Summer,Taylor Swift,2025-04-24,2025-04-26,2.0,48,46,0.003937007874015748,0.1,0.0003937007874015748
Ditto,NewJeans,2025-04-01,2025-04-27,26.0,47,46,0.051181102362204724,0.1,0.005118110236220472
ETA,NewJeans,2025-04-18,2025-04-27,9.0,50,41,0.017716535433070866,0.2,0.003543307086614173
Hype Boy,NewJeans,2025-04-16,2025-04-27,11.0,48,45,0.021653543307086614,0.12,0.0025984251968503938
New Jeans,NewJeans,2025-04-20,2025-04-27,7.0,48,40,0.013779527559055118,0.22,0.003031496062992126
Attention,NewJeans,2024-09-29,2025-04-28,211.0,48,38,0.4153543307086614,0.26,0.10799212598425197
OMG,NewJeans,2025-04-01,2025-04-28,27.0,48,41,0.0531496062992126,0.2,0.010629921259842521
"Our Blues, Our Life",Lim Young Woong,2025-04-27,2025-04-29,2.0,49,50,0.003937007874015748,0.02,7.874015748031496e-05
Little Light,DOYOUNG,2025-04-28,2025-05-01,3.0,40,43,0.005905511811023622,0.16,0.0009448818897637795
"Our Blues, Our Life",Lim Young Woong,2025-04-30,2025-05-02,2.0,48,50,0.003937007874015748,0.02,7.874015748031496e-05
Slow Dancing,V,2025-04-30,2025-05-02,2.0,49,48,0.003937007874015748,0.06,0.00023622047244094486
Drama,aespa,2025-04-20,2025-05-03,13.0,50,47,0.025590551181102362,0.08,0.002047244094488189
Slow Dancing,V,2025-05-02,2025-05-04,2.0,48,48,0.003937007874015748,0.06,0.00023622047244094486
Bam Yang Gang,BIBI,2025-04-30,2025-05-05,5.0,45,47,0.00984251968503937,0.08,0.0007874015748031496
To. X,TAEYEON,2025-04-30,2025-05-05,5.0,42,50,0.00984251968503937,0.02,0.0001968503937007874
Yes or No,Jung Kook,2025-05-01,2025-05-06,5.0,46,47,0.00984251968503937,0.08,0.0007874015748031496
euphoria,Kendrick Lamar,2025-05-04,2025-05-06,2.0,42,50,0.003937007874015748,0.02,7.874015748031496e-05
A bientot,Lim Young Woong,2025-04-26,2025-05-07,11.0,48,43,0.021653543307086614,0.16,0.0034645669291338585
"Our Blues, Our Life",Lim Young Woong,2025-05-04,2025-05-07,3.0,49,42,0.005905511811023622,0.18,0.001062992125984252
Slow Dancing,V,2025-05-05,2025-05-07,2.0,48,44,0.003937007874015748,0.14,0.0005511811023622047
we can't be friends (wait for your love),Ariana Grande,2025-05-06,2025-05-08,2.0,46,50,0.003937007874015748,0.02,7.874015748031496e-05
"Our Blues, Our Life",Lim Young Woong,2025-05-08,2025-05-10,2.0,49,46,0.003937007874015748,0.1,0.0003937007874015748
Drama,aespa,2025-05-09,2025-05-11,2.0,47,46,0.003937007874015748,0.1,0.0003937007874015748
Perfect Night,LE SSERAFIM,2025-05-10,2025-05-13,3.0,47,50,0.005905511811023622,0.02,0.00011811023622047244
Attention,NewJeans,2025-05-11,2025-05-14,3.0,50,50,0.005905511811023622,0.02,0.00011811023622047244
MAESTRO,SEVENTEEN,2025-05-11,2025-05-15,4.0,41,49,0.007874015748031496,0.04,0.00031496062992125983
Sudden Shower,ECLIPSE,2025-05-10,2025-05-15,5.0,48,50,0.00984251968503937,0.02,0.0001968503937007874
"Our Blues, Our Life",Lim Young Woong,2025-05-14,2025-05-16,2.0,47,46,0.003937007874015748,0.1,0.0003937007874015748
Ditto,NewJeans,2025-05-15,2025-05-17,2.0,48,49,0.003937007874015748,0.04,0.00015748031496062991
Mars,D.O.,2025-05-12,2025-05-18,6.0,48,47,0.011811023622047244,0.08,0.0009448818897637795
Attention,NewJeans,2025-05-14,2025-05-19,5.0,50,48,0.00984251968503937,0.06,0.0005905511811023622
Spring Snow,10CM,2025-05-17,2025-05-19,2.0,50,44,0.003937007874015748,0.14,0.0005511811023622047
Ditto,NewJeans,2025-05-18,2025-05-20,2.0,48,49,0.003937007874015748,0.04,0.00015748031496062991
OMG,NewJeans,2025-05-18,2025-05-20,2.0,49,50,0.003937007874015748,0.02,7.874015748031496e-05
"Our Blues, Our Life",Lim Young Woong,2025-05-18,2025-05-20,2.0,50,48,0.003937007874015748,0.06,0.00023622047244094486
Perfect Night,LE SSERAFIM,2025-05-14,2025-05-20,6.0,49,46,0.011811023622047244,0.1,0.0011811023622047244
Sudden Shower,ECLIPSE,2025-05-18,2025-05-21,3.0,43,48,0.005905511811023622,0.06,0.0003543307086614173
Spring Snow,10CM,2025-05-19,2025-05-22,3.0,44,46,0.005905511811023622,0.1,0.0005905511811023622
CHIHIRO,Billie Eilish,2025-05-19,2025-05-23,4.0,47,46,0.007874015748031496,0.1,0.0007874015748031496
I Had Some Help (Feat. Morgan Wallen),Post Malone & Morgan Wallen,2025-05-19,2025-05-23,4.0,45,50,0.007874015748031496,0.02,0.00015748031496062991
Perfect Night,LE SSERAFIM,2025-05-20,2025-05-23,3.0,46,49,0.005905511811023622,0.04,0.00023622047244094488
Come back to me,RM,2025-05-16,2025-05-26,10.0,47,42,0.01968503937007874,0.18,0.003543307086614173
Jealousyvalhalla,YANGHONGWON,2025-05-22,2025-05-26,4.0,44,16,0.007874015748031496,0.7,0.005511811023622047
ETA,NewJeans,2025-05-25,2025-05-27,2.0,44,48,0.003937007874015748,0.06,0.00023622047244094486
Fate,(G)I-DLE,2025-05-25,2025-05-27,2.0,40,44,0.003937007874015748,0.14,0.0005511811023622047
Hype Boy,NewJeans,2025-05-25,2025-05-27,2.0,43,49,0.003937007874015748,0.04,0.00015748031496062991
Lucky Girl Syndrome,ILLIT,2025-05-25,2025-05-27,2.0,37,45,0.003937007874015748,0.12,0.0004724409448818897
Smart,LE SSERAFIM,2025-05-25,2025-05-27,2.0,36,39,0.003937007874015748,0.24,0.0009448818897637794
BIRDS OF A FEATHER,Billie Eilish,2025-05-26,2025-05-28,2.0,37,41,0.003937007874015748,0.2,0.0007874015748031496
Fortnight (feat. Post Malone),Taylor Swift,2025-05-26,2025-05-28,2.0,46,50,0.003937007874015748,0.02,7.874015748031496e-05
Sudden Shower,ECLIPSE,2025-05-25,2025-05-28,3.0,41,38,0.005905511811023622,0.26,0.0015354330708661418
If We Ever Meet Again,Lim Young Woong,2025-05-26,2025-05-29,3.0,47,47,0.005905511811023622,0.08,0.00047244094488188977
Spring Snow,10CM,2025-05-25,2025-05-29,4.0,38,50,0.007874015748031496,0.02,0.00015748031496062991
Not Like Us,Kendrick Lamar,2025-05-25,2025-05-30,5.0,29,48,0.00984251968503937,0.06,0.0005905511811023622
Alone,Jimin,2025-05-29,2025-05-31,2.0,40,45,0.003937007874015748,0.12,0.0004724409448818897
Ditto,NewJeans,2025-05-20,2025-05-31,11.0,49,42,0.021653543307086614,0.18,0.0038976377952755904
Face-off,Jimin,2025-05-29,2025-05-31,2.0,45,49,0.003937007874015748,0.04,0.00015748031496062991
Attention,NewJeans,2025-05-19,2025-06-01,13.0,48,50,0.025590551181102362,0.02,0.0005118110236220473
Fate,(G)I-DLE,2025-05-27,2025-06-01,5.0,44,49,0.00984251968503937,0.04,0.0003937007874015748
OMG,NewJeans,2025-05-22,2025-06-01,10.0,50,45,0.01968503937007874,0.12,0.002362204724409449
Perfect Night,LE SSERAFIM,2025-05-25,2025-06-01,7.0,50,48,0.013779527559055118,0.06,0.000826771653543307
Alone,Jimin,2025-05-31,2025-06-02,2.0,45,44,0.003937007874015748,0.14,0.0005511811023622047
Face-off,Jimin,2025-05-31,2025-06-02,2.0,49,49,0.003937007874015748,0.04,0.00015748031496062991
Fortnight (feat. Post Malone),Taylor Swift,2025-05-29,2025-06-02,4.0,49,50,0.007874015748031496,0.02,0.00015748031496062991
Lucky Girl Syndrome,ILLIT,2025-05-30,2025-06-02,3.0,45,43,0.005905511811023622,0.16,0.0009448818897637795
plot twist,TWS,2025-05-25,2025-06-02,8.0,48,46,0.015748031496062992,0.1,0.0015748031496062992
Perfect Night,LE SSERAFIM,2025-06-01,2025-06-03,2.0,48,46,0.003937007874015748,0.1,0.0003937007874015748
Time of Our Life -Japanese ver.- - Japanese ver.,DAY6,2025-04-26,2025-06-03,38.0,47,49,0.07480314960629922,0.04,0.002992125984251969
Rainbow,Lim Young Woong,2025-05-22,2025-06-04,13.0,49,49,0.025590551181102362,0.04,0.0010236220472440946
Face-off,Jimin,2025-06-02,2025-06-05,3.0,49,43,0.005905511811023622,0.16,0.0009448818897637795
Interlude : Dive,Jimin,2025-05-29,2025-06-05,7.0,43,41,0.013779527559055118,0.2,0.0027559055118110236
Rainbow,Lim Young Woong,2025-06-04,2025-06-07,3.0,49,50,0.005905511811023622,0.02,0.00011811023622047244
Closer to You (feat. Major Lazer),Jung Kook,2025-03-17,2025-06-08,83.0,50,48,0.16338582677165353,0.06,0.009803149606299211
Face-off,Jimin,2025-06-07,2025-06-09,2.0,43,41,0.003937007874015748,0.2,0.0007874015748031496
"Our Blues, Our Life",Lim Young Woong,2025-05-21,2025-06-10,20.0,49,49,0.03937007874015748,0.04,0.0015748031496062992
Cruel Summer,Taylor Swift,2025-04-27,2025-06-12,46.0,48,50,0.09055118110236221,0.02,0.0018110236220472442
Interlude : Dive,Jimin,2025-06-08,2025-06-12,4.0,50,46,0.007874015748031496,0.1,0.0007874015748031496
Lucky Girl Syndrome,ILLIT,2025-06-09,2025-06-12,3.0,49,48,0.005905511811023622,0.06,0.0003543307086614173
Attention,NewJeans,2025-06-08,2025-06-14,6.0,44,48,0.011811023622047244,0.06,0.0007086614173228346
Perfect Night,LE SSERAFIM,2025-06-11,2025-06-14,3.0,50,50,0.005905511811023622,0.02,0.00011811023622047244
Rainbow,Lim Young Woong,2025-06-11,2025-06-16,5.0,48,49,0.00984251968503937,0.04,0.0003937007874015748
Cruel Summer,Taylor Swift,2025-06-15,2025-06-17,2.0,49,47,0.003937007874015748,0.08,0.00031496062992125983
plot twist,TWS,2025-06-15,2025-06-17,2.0,46,49,0.003937007874015748,0.04,0.00015748031496062991
Impossible,RIIZE,2025-05-25,2025-06-18,24.0,46,49,0.047244094488188976,0.04,0.001889763779527559
Rainbow,Lim Young Woong,2025-06-16,2025-06-18,2.0,49,50,0.003937007874015748,0.02,7.874015748031496e-05
Midas Touch,KISS OF LIFE,2025-06-17,2025-06-19,2.0,45,49,0.003937007874015748,0.04,0.00015748031496062991
"Our Blues, Our Life",Lim Young Woong,2025-06-11,2025-06-21,10.0,49,50,0.01968503937007874,0.02,0.0003937007874015748
Rainbow,Lim Young Woong,2025-06-18,2025-06-21,3.0,50,48,0.005905511811023622,0.06,0.0003543307086614173
Not Like Us,Kendrick Lamar,2025-06-01,2025-06-22,21.0,44,47,0.04133858267716536,0.08,0.0033070866141732286
A bientot,Lim Young Woong,2025-05-07,2025-06-24,48.0,43,45,0.09448818897637795,0.12,0.011338582677165353
Girls Never Die,tripleS,2025-06-21,2025-06-24,3.0,42,50,0.005905511811023622,0.02,0.00011811023622047244
"Our Blues, Our Life",Lim Young Woong,2025-06-21,2025-06-24,3.0,50,39,0.005905511811023622,0.24,0.0014173228346456691
Rainbow,Lim Young Woong,2025-06-21,2025-06-24,3.0,48,42,0.005905511811023622,0.18,0.001062992125984252
Face-off,Jimin,2025-06-23,2025-06-26,3.0,40,47,0.005905511811023622,0.08,0.00047244094488188977
Attention,NewJeans,2025-06-17,2025-06-28,11.0,50,50,0.021653543307086614,0.02,0.0004330708661417323
FRI(END)S,V,2025-06-25,2025-06-28,3.0,48,48,0.005905511811023622,0.06,0.0003543307086614173
Interlude : Dive,Jimin,2025-06-23,2025-06-28,5.0,50,47,0.00984251968503937,0.08,0.0007874015748031496
EASY,LE SSERAFIM,2025-06-23,2025-06-29,6.0,48,48,0.011811023622047244,0.06,0.0007086614173228346
Midas Touch,KISS OF LIFE,2025-06-21,2025-06-29,8.0,49,50,0.015748031496062992,0.02,0.00031496062992125983
FRI(END)S,V,2025-06-28,2025-06-30,2.0,48,49,0.003937007874015748,0.04,0.00015748031496062991
"Our Blues, Our Life",Lim Young Woong,2025-06-27,2025-06-30,3.0,50,50,0.005905511811023622,0.02,0.00011811023622047244
Rainbow,Lim Young Woong,2025-06-28,2025-06-30,2.0,49,46,0.003937007874015748,0.1,0.0003937007874015748
Alone,Jimin,2025-06-29,2025-07-01,2.0,26,50,0.003937007874015748,0.02,7.874015748031496e-05
Face-off,Jimin,2025-06-29,2025-07-01,2.0,36,49,0.003937007874015748,0.04,0.00015748031496062991
"Our Blues, Our Life",Lim Young Woong,2025-07-01,2025-07-04,3.0,48,49,0.005905511811023622,0.04,0.00023622047244094488
SHEESH,BABYMONSTER,2025-06-30,2025-07-04,4.0,47,50,0.007874015748031496,0.02,0.00015748031496062991
Face-off,Jimin,2025-07-03,2025-07-06,3.0,49,50,0.005905511811023622,0.02,0.00011811023622047244
"Our Blues, Our Life",Lim Young Woong,2025-07-04,2025-07-06,2.0,49,48,0.003937007874015748,0.06,0.00023622047244094486
Not Like Us,Kendrick Lamar,2025-06-29,2025-07-07,8.0,44,40,0.015748031496062992,0.22,0.003464566929133858
ETA,NewJeans,2025-07-05,2025-07-08,3.0,47,48,0.005905511811023622,0.06,0.0003543307086614173
"Our Blues, Our Life",Lim Young Woong,2025-07-07,2025-07-09,2.0,48,48,0.003937007874015748,0.06,0.00023622047244094486
3D (feat. Jack Harlow),Jung Kook,2025-07-10,2025-07-12,2.0,11,10,0.003937007874015748,0.82,0.003228346456692913
ABCD,NAYEON,2025-07-10,2025-07-12,2.0,48,44,0.003937007874015748,0.14,0.0005511811023622047
Armageddon,aespa,2025-07-10,2025-07-12,2.0,17,16,0.003937007874015748,0.7,0.0027559055118110236
BIRDS OF A FEATHER,Billie Eilish,2025-07-10,2025-07-12,2.0,26,28,0.003937007874015748,0.46,0.0018110236220472442
Boom Boom Bass,RIIZE,2025-07-10,2025-07-12,2.0,27,25,0.003937007874015748,0.52,0.002047244094488189
Bubble Gum,NewJeans,2025-07-10,2025-07-12,2.0,15,15,0.003937007874015748,0.72,0.0028346456692913383
Closer Than This,Jimin,2025-07-10,2025-07-12,2.0,5,5,0.003937007874015748,0.92,0.0036220472440944883
Cosmic,Red Velvet,2025-07-10,2025-07-12,2.0,31,31,0.003937007874015748,0.4,0.0015748031496062992
Ditto,NewJeans,2025-07-10,2025-07-12,2.0,46,49,0.003937007874015748,0.04,0.00015748031496062991
Do or Die,Lim Young Woong,2025-07-10,2025-07-12,2.0,21,22,0.003937007874015748,0.58,0.0022834645669291337
Drama,aespa,2025-07-03,2025-07-12,9.0,50,50,0.017716535433070866,0.02,0.00035433070866141734
Espresso,Sabrina Carpenter,2025-07-10,2025-07-12,2.0,28,27,0.003937007874015748,0.48,0.0018897637795275589
FRI(END)S,V,2025-07-10,2025-07-12,2.0,44,48,0.003937007874015748,0.06,0.00023622047244094486
Grain of Sand,Lim Young Woong,2025-07-10,2025-07-12,2.0,23,23,0.003937007874015748,0.56,0.002204724409448819
Home,Lim Young Woong,2025-07-10,2025-07-12,2.0,19,19,0.003937007874015748,0.64,0.0025196850393700786
How Sweet,NewJeans,2025-07-10,2025-07-12,2.0,9,8,0.003937007874015748,0.86,0.0033858267716535433
Hype Boy,NewJeans,2025-07-10,2025-07-12,2.0,41,35,0.003937007874015748,0.32,0.0012598425196850393
"If I’m S, Can You Be My N?",TWS,2025-07-10,2025-07-12,2.0,39,34,0.003937007874015748,0.34,0.0013385826771653544
If We Ever Meet Again,Lim Young Woong,2025-07-10,2025-07-12,2.0,32,32,0.003937007874015748,0.38,0.0014960629921259843
Like Crazy,Jimin,2025-07-10,2025-07-12,2.0,1,1,0.003937007874015748,1.0,0.003937007874015748
Like Crazy (English Version),Jimin,2025-07-10,2025-07-12,2.0,6,7,0.003937007874015748,0.88,0.003464566929133858
London Boy,Lim Young Woong,2025-07-10,2025-07-12,2.0,24,26,0.003937007874015748,0.5,0.001968503937007874
Love Me Again,V,2025-07-10,2025-07-12,2.0,29,30,0.003937007874015748,0.42,0.001653543307086614
MILLION DOLLAR BABY,Tommy Richman,2025-07-10,2025-07-12,2.0,25,24,0.003937007874015748,0.54,0.0021259842519685043
Magnetic,ILLIT,2025-07-10,2025-07-12,2.0,14,14,0.003937007874015748,0.74,0.0029133858267716534
Never Let Go,Jung Kook,2025-07-10,2025-07-12,2.0,20,20,0.003937007874015748,0.62,0.002440944881889764
New Jeans,NewJeans,2025-07-10,2025-07-12,2.0,42,45,0.003937007874015748,0.12,0.0004724409448818897
Not Like Us,Kendrick Lamar,2025-07-10,2025-07-12,2.0,40,42,0.003937007874015748,0.18,0.0007086614173228346
OMG,NewJeans,2025-07-10,2025-07-12,2.0,45,46,0.003937007874015748,0.1,0.0003937007874015748
Please Please Please,Sabrina Carpenter,2025-07-10,2025-07-12,2.0,34,40,0.003937007874015748,0.22,0.0008661417322834645
Polaroid,Lim Young Woong,2025-07-10,2025-07-12,2.0,30,29,0.003937007874015748,0.44,0.001732283464566929
Rainbow,Lim Young Woong,2025-07-10,2025-07-12,2.0,43,47,0.003937007874015748,0.08,0.00031496062992125983
Right Now,NewJeans,2025-07-10,2025-07-12,2.0,16,17,0.003937007874015748,0.68,0.002677165354330709
Rockstar,LISA,2025-07-10,2025-07-12,2.0,35,41,0.003937007874015748,0.2,0.0007874015748031496
SPOT!,ZICO & JENNIE,2025-07-10,2025-07-12,2.0,33,36,0.003937007874015748,0.3,0.0011811023622047244
Set Me Free Pt.2,Jimin,2025-07-10,2025-07-12,2.0,7,9,0.003937007874015748,0.84,0.003307086614173228
Seven (feat. Latto) (Explicit Ver.),Jung Kook,2025-07-10,2025-07-12,2.0,3,3,0.003937007874015748,0.96,0.0037795275590551177
Small girl (feat. D.O.),Lee Young Ji,2025-07-10,2025-07-12,2.0,10,11,0.003937007874015748,0.8,0.0031496062992125984
Smeraldo Garden Marching Band (feat. Loco),Jimin & Loco,2025-07-10,2025-07-12,2.0,2,2,0.003937007874015748,0.98,0.003858267716535433
Standing Next to You,Jung Kook,2025-07-10,2025-07-12,2.0,12,12,0.003937007874015748,0.78,0.0030708661417322837
Sticky,KISS OF LIFE,2025-07-10,2025-07-12,2.0,8,6,0.003937007874015748,0.9,0.003543307086614173
Sudden Shower,ECLIPSE,2025-07-10,2025-07-12,2.0,36,38,0.003937007874015748,0.26,0.0010236220472440946
Super Shy,NewJeans,2025-07-10,2025-07-12,2.0,38,39,0.003937007874015748,0.24,0.0009448818897637794
Supernatural,NewJeans,2025-07-10,2025-07-12,2.0,4,4,0.003937007874015748,0.94,0.003700787401574803
Supernova,aespa,2025-07-10,2025-07-12,2.0,13,13,0.003937007874015748,0.76,0.0029921259842519685
T.B.H,QWER,2025-07-10,2025-07-12,2.0,37,37,0.003937007874015748,0.28,0.0011023622047244095
Warmth,Lim Young Woong,2025-07-10,2025-07-12,2.0,18,18,0.003937007874015748,0.66,0.0025984251968503938
Young Man,HYUKOH & 落日飛車 Sunset Rollercoaster,2025-07-10,2025-07-12,2.0,47,33,0.003937007874015748,0.36,0.0014173228346456691
踊り子,Vaundy,2025-07-10,2025-07-12,2.0,22,21,0.003937007874015748,0.6,0.002362204724409449
ETA,NewJeans,2025-07-08,2025-07-14,6.0,48,48,0.011811023622047244,0.06,0.0007086614173228346
"Our Blues, Our Life",Lim Young Woong,2025-07-10,2025-07-15,5.0,50,46,0.00984251968503937,0.1,0.000984251968503937
Rainbow,Lim Young Woong,2025-07-13,2025-07-15,2.0,47,45,0.003937007874015748,0.12,0.0004724409448818897
FRI(END)S,V,2025-07-14,2025-07-17,3.0,50,48,0.005905511811023622,0.06,0.0003543307086614173
A bientot,Lim Young Woong,2025-06-25,2025-07-18,23.0,45,48,0.045275590551181105,0.06,0.002716535433070866
Alone,Jimin,2025-07-01,2025-07-19,18.0,50,43,0.03543307086614173,0.16,0.005669291338582677
Face-off,Jimin,2025-07-06,2025-07-19,13.0,50,37,0.025590551181102362,0.28,0.007165354330708662
Ditto,NewJeans,2025-07-17,2025-07-20,3.0,50,49,0.005905511811023622,0.04,0.00023622047244094488
FRI(END)S,V,2025-07-20,2025-07-22,2.0,45,49,0.003937007874015748,0.04,0.00015748031496062991
"Our Blues, Our Life",Lim Young Woong,2025-07-20,2025-07-22,2.0,43,46,0.003937007874015748,0.1,0.0003937007874015748
Please Please Please,Sabrina Carpenter,2025-07-21,2025-07-23,2.0,45,50,0.003937007874015748,0.02,7.874015748031496e-05
Ditto,NewJeans,2025-07-20,2025-07-24,4.0,49,45,0.007874015748031496,0.12,0.0009448818897637794
ETA,NewJeans,2025-07-16,2025-07-24,8.0,49,50,0.015748031496062992,0.02,0.00031496062992125983
OMG,NewJeans,2025-07-21,2025-07-24,3.0,50,42,0.005905511811023622,0.18,0.001062992125984252
Ditto,NewJeans,2025-07-24,2025-07-26,2.0,45,50,0.003937007874015748,0.02,7.874015748031496e-05
Klaxon,(G)I-DLE,2025-07-24,2025-07-27,3.0,47,47,0.005905511811023622,0.08,0.00047244094488188977
Rainbow,Lim Young Woong,2025-07-24,2025-07-29,5.0,44,47,0.00984251968503937,0.08,0.0007874015748031496
Cruel Summer,Taylor Swift,2025-06-21,2025-07-31,40.0,45,50,0.07874015748031496,0.02,0.0015748031496062992
Not Like Us,Kendrick Lamar,2025-07-28,2025-07-31,3.0,46,47,0.005905511811023622,0.08,0.00047244094488188977
Please Please Please,Sabrina Carpenter,2025-07-24,2025-08-01,8.0,49,50,0.015748031496062992,0.02,0.00031496062992125983
Ditto,NewJeans,2025-07-30,2025-08-03,4.0,50,47,0.007874015748031496,0.08,0.0006299212598425197
EASY,LE SSERAFIM,2025-06-29,2025-08-03,35.0,48,50,0.0688976377952756,0.02,0.0013779527559055118
Rainbow,Lim Young Woong,2025-07-30,2025-08-04,5.0,47,48,0.00984251968503937,0.06,0.0005905511811023622
"Our Blues, Our Life",Lim Young Woong,2025-07-24,2025-08-05,12.0,48,49,0.023622047244094488,0.04,0.0009448818897637795
Who (Beautiful Mind Remix),Jimin,2025-08-03,2025-08-05,2.0,35,50,0.003937007874015748,0.02,7.874015748031496e-05
Chk Chk Boom,Stray Kids,2025-08-03,2025-08-07,4.0,46,44,0.007874015748031496,0.14,0.0011023622047244095
Cruel Summer,Taylor Swift,2025-08-04,2025-08-07,3.0,47,48,0.005905511811023622,0.06,0.0003543307086614173
EASY,LE SSERAFIM,2025-08-03,2025-08-08,5.0,50,49,0.00984251968503937,0.04,0.0003937007874015748
"Our Blues, Our Life",Lim Young Woong,2025-08-07,2025-08-09,2.0,49,46,0.003937007874015748,0.1,0.0003937007874015748
Ditto,NewJeans,2025-08-03,2025-08-10,7.0,47,45,0.013779527559055118,0.12,0.001653543307086614
EASY,LE SSERAFIM,2025-08-08,2025-08-10,2.0,49,38,0.003937007874015748,0.26,0.0010236220472440946
Perfect Night,LE SSERAFIM,2025-06-20,2025-08-10,51.0,50,42,0.10039370078740158,0.18,0.018070866141732284
New Jeans,NewJeans,2025-08-03,2025-08-11,8.0,45,50,0.015748031496062992,0.02,0.00031496062992125983
"Our Blues, Our Life",Lim Young Woong,2025-08-09,2025-08-12,3.0,46,49,0.005905511811023622,0.04,0.00023622047244094488
Rainbow,Lim Young Woong,2025-08-09,2025-08-12,3.0,43,47,0.005905511811023622,0.08,0.00047244094488188977
3D (feat. Jack Harlow),Jung Kook,2025-08-12,2025-08-14,2.0,5,5,0.003937007874015748,0.92,0.0036220472440944883
Armageddon,aespa,2025-08-12,2025-08-14,2.0,19,16,0.003937007874015748,0.7,0.0027559055118110236
BIRDS OF A FEATHER,Billie Eilish,2025-08-12,2025-08-14,2.0,27,18,0.003937007874015748,0.66,0.0025984251968503938
Be Mine,Jimin,2025-08-12,2025-08-14,2.0,3,3,0.003937007874015748,0.96,0.0037795275590551177
Boom Boom Bass,RIIZE,2025-08-12,2025-08-14,2.0,37,33,0.003937007874015748,0.36,0.0014173228346456691
Bubble Gum,NewJeans,2025-08-12,2025-08-14,2.0,23,22,0.003937007874015748,0.58,0.0022834645669291337
Closer Than This,Jimin,2025-08-12,2025-08-14,2.0,6,7,0.003937007874015748,0.88,0.003464566929133858
Cruel Summer,Taylor Swift,2025-08-12,2025-08-14,2.0,46,41,0.003937007874015748,0.2,0.0007874015748031496
Ditto,NewJeans,2025-08-11,2025-08-14,3.0,48,45,0.005905511811023622,0.12,0.0007086614173228346
Do or Die,Lim Young Woong,2025-08-12,2025-08-14,2.0,20,21,0.003937007874015748,0.6,0.002362204724409449
EASY,LE SSERAFIM,2025-08-12,2025-08-14,2.0,42,34,0.003937007874015748,0.34,0.0013385826771653544
Espresso,Sabrina Carpenter,2025-08-12,2025-08-14,2.0,33,30,0.003937007874015748,0.42,0.001653543307086614
Grain of Sand,Lim Young Woong,2025-08-12,2025-08-14,2.0,21,23,0.003937007874015748,0.56,0.002204724409448819
Guess featuring Billie Eilish,Charli xcx & Billie Eilish,2025-08-11,2025-08-14,3.0,49,40,0.005905511811023622,0.22,0.0012992125984251969
Home,Lim Young Woong,2025-08-12,2025-08-14,2.0,18,20,0.003937007874015748,0.62,0.002440944881889764
How Sweet,NewJeans,2025-08-12,2025-08-14,2.0,12,12,0.003937007874015748,0.78,0.0030708661417322837
Hype Boy,NewJeans,2025-08-12,2025-08-14,2.0,40,36,0.003937007874015748,0.3,0.0011811023622047244
If We Ever Meet Again,Lim Young Woong,2025-08-12,2025-08-14,2.0,31,32,0.003937007874015748,0.38,0.0014960629921259843
Interlude : Showtime,Jimin,2025-08-12,2025-08-14,2.0,13,15,0.003937007874015748,0.72,0.0028346456692913383
Like Crazy,Jimin,2025-08-12,2025-08-14,2.0,14,17,0.003937007874015748,0.68,0.002677165354330709
London Boy,Lim Young Woong,2025-08-12,2025-08-14,2.0,22,24,0.003937007874015748,0.54,0.0021259842519685043
Love Me Again,V,2025-08-12,2025-08-14,2.0,26,31,0.003937007874015748,0.4,0.0015748031496062992
MILLION DOLLAR BABY,Tommy Richman,2025-08-12,2025-08-14,2.0,30,28,0.003937007874015748,0.46,0.0018110236220472442
Magnetic,ILLIT,2025-08-12,2025-08-14,2.0,15,13,0.003937007874015748,0.76,0.0029921259842519685
Never Let Go,Jung Kook,2025-08-12,2025-08-14,2.0,25,25,0.003937007874015748,0.52,0.002047244094488189
New Jeans,NewJeans,2025-08-12,2025-08-14,2.0,50,44,0.003937007874015748,0.14,0.0005511811023622047
"Our Blues, Our Life",Lim Young Woong,2025-08-12,2025-08-14,2.0,49,50,0.003937007874015748,0.02,7.874015748031496e-05
Perfect Night,LE SSERAFIM,2025-08-12,2025-08-14,2.0,41,37,0.003937007874015748,0.28,0.0011023622047244095
Polaroid,Lim Young Woong,2025-08-12,2025-08-14,2.0,24,26,0.003937007874015748,0.5,0.001968503937007874
Rebirth (Intro),Jimin,2025-08-12,2025-08-14,2.0,9,10,0.003937007874015748,0.82,0.003228346456692913
Right Now,NewJeans,2025-08-12,2025-08-14,2.0,44,38,0.003937007874015748,0.26,0.0010236220472440946
Seven (feat. Latto) (Explicit Ver.),Jung Kook,2025-08-12,2025-08-14,2.0,2,2,0.003937007874015748,0.98,0.003858267716535433
Slow Dance (feat. Sofia Carson),Jimin,2025-08-12,2025-08-14,2.0,7,8,0.003937007874015748,0.86,0.0033858267716535433
Small girl (feat. D.O.),Lee Young Ji,2025-08-12,2025-08-14,2.0,28,27,0.003937007874015748,0.48,0.0018897637795275589
Smeraldo Garden Marching Band (feat. Loco),Jimin,2025-08-12,2025-08-14,2.0,4,4,0.003937007874015748,0.94,0.003700787401574803
Standing Next to You,Jung Kook,2025-08-12,2025-08-14,2.0,10,9,0.003937007874015748,0.84,0.003307086614173228
Sticky,KISS OF LIFE,2025-08-12,2025-08-14,2.0,11,11,0.003937007874015748,0.8,0.0031496062992125984
Super Shy,NewJeans,2025-08-12,2025-08-14,2.0,36,35,0.003937007874015748,0.32,0.0012598425196850393
Supernatural,NewJeans,2025-08-12,2025-08-14,2.0,8,6,0.003937007874015748,0.9,0.003543307086614173
Supernova,aespa,2025-08-12,2025-08-14,2.0,16,14,0.003937007874015748,0.74,0.0029133858267716534
T.B.H,QWER,2025-08-12,2025-08-14,2.0,45,39,0.003937007874015748,0.24,0.0009448818897637794
Time of Our Life -Japanese ver.- - Japanese ver.,DAY6,2025-06-03,2025-08-14,72.0,49,47,0.14173228346456693,0.08,0.011338582677165355
Warmth,Lim Young Woong,2025-08-12,2025-08-14,2.0,17,19,0.003937007874015748,0.64,0.0025196850393700786
Who,Jimin,2025-08-12,2025-08-14,2.0,1,1,0.003937007874015748,1.0,0.003937007874015748
Who (Acoustic Remix),Jimin,2025-08-12,2025-08-14,2.0,34,42,0.003937007874015748,0.18,0.0007086614173228346
Who (Funky Remix),Jimin,2025-08-12,2025-08-14,2.0,35,49,0.003937007874015748,0.04,0.00015748031496062991
Who (Instrumental),Jimin,2025-08-12,2025-08-14,2.0,39,46,0.003937007874015748,0.1,0.0003937007874015748
Who (Rock Remix),Jimin,2025-08-12,2025-08-14,2.0,29,43,0.003937007874015748,0.16,0.0006299212598425197
Who (Shibuyakei Remix),Jimin,2025-08-12,2025-08-14,2.0,38,48,0.003937007874015748,0.06,0.00023622047244094486
踊り子,Vaundy,2025-08-12,2025-08-14,2.0,32,29,0.003937007874015748,0.44,0.001732283464566929
Klaxon,(G)I-DLE,2025-08-12,2025-08-15,3.0,48,45,0.005905511811023622,0.12,0.0007086614173228346
Please Please Please,Sabrina Carpenter,2025-08-02,2025-08-15,13.0,50,47,0.025590551181102362,0.08,0.002047244094488189
OMG,NewJeans,2025-07-31,2025-08-17,17.0,48,50,0.03346456692913386,0.02,0.0006692913385826772
Who (Beautiful Mind Remix),Jimin,2025-08-12,2025-08-17,5.0,43,49,0.00984251968503937,0.04,0.0003937007874015748
Who (Funky Remix),Jimin,2025-08-14,2025-08-17,3.0,49,44,0.005905511811023622,0.14,0.0008267716535433072
Left and Right (Feat. Jung Kook of BTS),Charlie Puth,2025-02-10,2025-08-18,189.0,46,47,0.3720472440944882,0.08,0.029763779527559056
New Jeans,NewJeans,2025-08-16,2025-08-18,2.0,49,50,0.003937007874015748,0.02,7.874015748031496e-05
Who (Beautiful Mind Remix),Jimin,2025-08-17,2025-08-20,3.0,49,49,0.005905511811023622,0.04,0.00023622047244094488
Who (Funky Remix),Jimin,2025-08-17,2025-08-20,3.0,44,39,0.005905511811023622,0.24,0.0014173228346456691
Left and Right (Feat. Jung Kook of BTS),Charlie Puth,2025-08-21,2025-08-23,2.0,48,43,0.003937007874015748,0.16,0.0006299212598425197
Who (Beautiful Mind Remix),Jimin,2025-08-21,2025-08-23,2.0,49,49,0.003937007874015748,0.04,0.00015748031496062991
Who (Instrumental),Jimin,2025-08-21,2025-08-23,2.0,45,46,0.003937007874015748,0.1,0.0003937007874015748
EASY,LE SSERAFIM,2025-08-21,2025-08-24,3.0,50,47,0.005905511811023622,0.08,0.00047244094488188977
FIELD TRIP,¥$ & Kanye West & Ty Dolla $ign,2025-08-10,2025-08-24,14.0,39,31,0.027559055118110236,0.4,0.011023622047244094
Please Please Please,Sabrina Carpenter,2025-08-16,2025-08-24,8.0,47,33,0.015748031496062992,0.36,0.0056692913385826766
Super Shy,NewJeans,2025-08-22,2025-08-24,2.0,47,49,0.003937007874015748,0.04,0.00015748031496062991
Cruel Summer,Taylor Swift,2025-08-23,2025-08-25,2.0,47,47,0.003937007874015748,0.08,0.00031496062992125983
Perfect Night,LE SSERAFIM,2025-08-19,2025-08-25,6.0,40,50,0.011811023622047244,0.02,0.00023622047244094488
T.B.H,QWER,2025-08-21,2025-08-25,4.0,47,44,0.007874015748031496,0.14,0.0011023622047244095
EASY,LE SSERAFIM,2025-08-24,2025-08-26,2.0,47,49,0.003937007874015748,0.04,0.00015748031496062991
Perfect Night,LE SSERAFIM,2025-08-25,2025-08-28,3.0,50,48,0.005905511811023622,0.06,0.0003543307086614173
Who (Acoustic Remix),Jimin,2025-08-24,2025-08-28,4.0,43,45,0.007874015748031496,0.12,0.0009448818897637794
Who (Rock Remix),Jimin,2025-08-24,2025-08-28,4.0,35,42,0.007874015748031496,0.18,0.0014173228346456691
Big Dawgs,Hanumankind & Kalmi,2025-08-27,2025-08-29,2.0,48,48,0.003937007874015748,0.06,0.00023622047244094486
EASY,LE SSERAFIM,2025-08-27,2025-08-29,2.0,49,45,0.003937007874015748,0.12,0.0004724409448818897
HAPPY,DAY6,2025-03-21,2025-08-29,161.0,39,42,0.3169291338582677,0.18,0.057047244094488185
Cruel Summer,Taylor Swift,2025-08-27,2025-08-31,4.0,47,43,0.007874015748031496,0.16,0.0012598425196850393
Hype Boy,NewJeans,2025-08-27,2025-08-31,4.0,44,47,0.007874015748031496,0.08,0.0006299212598425197
Perfect Night,LE SSERAFIM,2025-08-28,2025-09-01,4.0,48,45,0.007874015748031496,0.12,0.0009448818897637794
Don't Look Back in Anger - Remastered,Oasis,2025-08-31,2025-09-02,2.0,31,45,0.003937007874015748,0.12,0.0004724409448818897
If I have you only (My love X Nerd Connection),Nerd Connection,2025-04-26,2025-09-02,129.0,44,46,0.25393700787401574,0.1,0.025393700787401576
Small girl (feat. D.O.),Lee Young Ji,2025-08-31,2025-09-02,2.0,44,43,0.003937007874015748,0.16,0.0006299212598425197
Why?,PLAVE,2025-08-28,2025-09-02,5.0,34,49,0.00984251968503937,0.04,0.0003937007874015748
Don't Look Back In Anger - Remastered,Oasis,2025-09-01,2025-09-03,2.0,49,45,0.003937007874015748,0.12,0.0004724409448818897
Don't Look Back in Anger - Remastered,Oasis,2025-09-02,2025-09-04,2.0,45,47,0.003937007874015748,0.08,0.00031496062992125983
Like Crazy,Jimin,2025-09-03,2025-09-05,2.0,38,33,0.003937007874015748,0.36,0.0014173228346456691
Time of Our Life -Japanese ver.- - Japanese ver.,DAY6,2025-08-14,2025-09-05,22.0,47,50,0.04330708661417323,0.02,0.0008661417322834646
Touch,KATSEYE,2025-09-03,2025-09-05,2.0,50,47,0.003937007874015748,0.08,0.00031496062992125983
Hype Boy,NewJeans,2025-08-31,2025-09-07,7.0,47,46,0.013779527559055118,0.1,0.0013779527559055118
If I have you only (My love X Nerd Connection),Nerd Connection,2025-09-03,2025-09-07,4.0,46,48,0.007874015748031496,0.06,0.0004724409448818897
MILLION DOLLAR BABY,Tommy Richman,2025-09-04,2025-09-07,3.0,49,50,0.005905511811023622,0.02,0.00011811023622047244
Welcome to the Show,DAY6,2025-04-19,2025-09-07,141.0,48,44,0.27755905511811024,0.14,0.03885826771653544
If I have you only (My love X Nerd Connection),Nerd Connection,2025-09-07,2025-09-09,2.0,48,43,0.003937007874015748,0.16,0.0006299212598425197
Small girl (feat. D.O.),Lee Young Ji,2025-09-03,2025-09-09,6.0,43,44,0.011811023622047244,0.14,0.0016535433070866143
Ditto,NewJeans,2025-08-16,2025-09-13,28.0,48,48,0.05511811023622047,0.06,0.003307086614173228
Small girl (feat. D.O.),Lee Young Ji,2025-09-11,2025-09-13,2.0,47,50,0.003937007874015748,0.02,7.874015748031496e-05
Who (Rock Remix),Jimin,2025-08-30,2025-09-13,14.0,47,49,0.027559055118110236,0.04,0.0011023622047244095
Hype Boy,NewJeans,2025-09-12,2025-09-14,2.0,46,50,0.003937007874015748,0.02,7.874015748031496e-05
If I have you only (My love X Nerd Connection),Nerd Connection,2025-09-10,2025-09-15,5.0,43,50,0.00984251968503937,0.02,0.0001968503937007874
Ditto,NewJeans,2025-09-14,2025-09-16,2.0,49,49,0.003937007874015748,0.04,0.00015748031496062991
Hype Boy,NewJeans,2025-09-14,2025-09-16,2.0,50,44,0.003937007874015748,0.14,0.0005511811023622047
You Were Beautiful,DAY6,2025-04-20,2025-09-16,149.0,49,47,0.2933070866141732,0.08,0.023464566929133856
Pump Up The Volume!,PLAVE,2025-09-15,2025-09-17,2.0,45,47,0.003937007874015748,0.08,0.00031496062992125983
Cruel Summer,Taylor Swift,2025-08-31,2025-09-18,18.0,43,49,0.03543307086614173,0.04,0.0014173228346456694
Super Shy,NewJeans,2025-08-25,2025-09-19,25.0,49,49,0.04921259842519685,0.04,0.001968503937007874
T.B.H,QWER,2025-08-28,2025-09-19,22.0,49,50,0.04330708661417323,0.02,0.0008661417322834646
Boom Boom Bass,RIIZE,2025-09-18,2025-09-20,2.0,48,48,0.003937007874015748,0.06,0.00023622047244094486
Taste,Sabrina Carpenter,2025-09-16,2025-09-20,4.0,48,47,0.007874015748031496,0.08,0.0006299212598425197
Who (Acoustic Remix),Jimin,2025-08-28,2025-09-21,24.0,45,50,0.047244094488188976,0.02,0.0009448818897637795
Who (Rock Remix),Jimin,2025-09-13,2025-09-21,8.0,49,49,0.015748031496062992,0.04,0.0006299212598425197
Armageddon,aespa,2025-09-20,2025-09-22,2.0,28,38,0.003937007874015748,0.26,0.0010236220472440946
Supernova,aespa,2025-09-20,2025-09-22,2.0,17,19,0.003937007874015748,0.64,0.0025196850393700786
Who (Beautiful Mind Remix),Jimin,2025-08-23,2025-09-22,30.0,49,32,0.05905511811023622,0.38,0.022440944881889763
Who (Funky Remix),Jimin,2025-08-24,2025-09-22,29.0,42,34,0.05708661417322835,0.34,0.01940944881889764
Who (Instrumental),Jimin,2025-08-24,2025-09-22,29.0,45,30,0.05708661417322835,0.42,0.023976377952755906
Who (Shibuyakei Remix),Jimin,2025-08-23,2025-09-22,30.0,45,31,0.05905511811023622,0.4,0.023622047244094488
Boom Boom Bass,RIIZE,2025-09-21,2025-09-23,2.0,44,45,0.003937007874015748,0.12,0.0004724409448818897
Bubble Gum,NewJeans,2025-09-21,2025-09-23,2.0,42,49,0.003937007874015748,0.04,0.00015748031496062991
Hype Boy,NewJeans,2025-09-20,2025-09-23,3.0,50,50,0.005905511811023622,0.02,0.00011811023622047244
Ditto,NewJeans,2025-09-20,2025-09-25,5.0,49,45,0.00984251968503937,0.12,0.0011811023622047244
Taste,Sabrina Carpenter,2025-09-21,2025-09-25,4.0,43,47,0.007874015748031496,0.08,0.0006299212598425197
double take,Dhruv,2025-09-22,2025-09-25,3.0,49,39,0.005905511811023622,0.24,0.0014173228346456691
踊り子,Vaundy,2025-09-22,2025-09-25,3.0,50,44,0.005905511811023622,0.14,0.0008267716535433072
Who (Instrumental),Jimin,2025-09-24,2025-09-26,2.0,41,50,0.003937007874015748,0.02,7.874015748031496e-05
Who (Beautiful Mind Remix),Jimin,2025-09-24,2025-09-27,3.0,45,45,0.005905511811023622,0.12,0.0007086614173228346
Who (Funky Remix),Jimin,2025-09-24,2025-09-27,3.0,46,49,0.005905511811023622,0.04,0.00023622047244094488
Who (Shibuyakei Remix),Jimin,2025-09-24,2025-09-27,3.0,44,47,0.005905511811023622,0.08,0.00047244094488188977
Bubble Gum,NewJeans,2025-09-26,2025-09-28,2.0,49,49,0.003937007874015748,0.04,0.00015748031496062991
Taste,Sabrina Carpenter,2025-09-25,2025-09-28,3.0,47,50,0.005905511811023622,0.02,0.00011811023622047244
Hype Boy,NewJeans,2025-09-24,2025-09-29,5.0,49,49,0.00984251968503937,0.04,0.0003937007874015748
If I have you only (My love X Nerd Connection),Nerd Connection,2025-09-26,2025-09-29,3.0,46,42,0.005905511811023622,0.18,0.001062992125984252
Pleasure Shop,KEY,2025-09-27,2025-09-29,2.0,50,48,0.003937007874015748,0.06,0.00023622047244094486
T.B.H,QWER,2025-09-19,2025-09-29,10.0,50,44,0.01968503937007874,0.14,0.002755905511811024
Who (Acoustic Remix),Jimin,2025-09-28,2025-09-30,2.0,39,44,0.003937007874015748,0.14,0.0005511811023622047
Who (Beautiful Mind Remix),Jimin,2025-09-28,2025-09-30,2.0,46,49,0.003937007874015748,0.04,0.00015748031496062991
Who (Instrumental),Jimin,2025-09-28,2025-09-30,2.0,42,48,0.003937007874015748,0.06,0.00023622047244094486
Who (Shibuyakei Remix),Jimin,2025-09-28,2025-09-30,2.0,43,46,0.003937007874015748,0.1,0.0003937007874015748
double take,Dhruv,2025-09-26,2025-09-30,4.0,44,47,0.007874015748031496,0.08,0.0006299212598425197
If We Ever Meet Again,Lim Young Woong,2025-09-29,2025-10-01,2.0,43,48,0.003937007874015748,0.06,0.00023622047244094486
Who (Funky Remix),Jimin,2025-09-28,2025-10-01,3.0,44,41,0.005905511811023622,0.2,0.0011811023622047244
Bubble Gum,NewJeans,2025-09-30,2025-10-02,2.0,45,50,0.003937007874015748,0.02,7.874015748031496e-05
Steady,NCT WISH,2025-09-29,2025-10-02,3.0,37,48,0.005905511811023622,0.06,0.0003543307086614173
double take,Dhruv,2025-10-01,2025-10-03,2.0,49,48,0.003937007874015748,0.06,0.00023622047244094486
Nice Guy,BOYNEXTDOOR,2025-09-29,2025-10-04,5.0,46,49,0.00984251968503937,0.04,0.0003937007874015748
Ditto,NewJeans,2025-09-25,2025-10-05,10.0,45,50,0.01968503937007874,0.02,0.0003937007874015748
Armageddon,aespa & Grimes & Flava D,2025-09-21,2025-10-06,15.0,31,36,0.02952755905511811,0.3,0.008858267716535433
Bubble Gum,NewJeans,2025-10-03,2025-10-06,3.0,50,48,0.005905511811023622,0.06,0.0003543307086614173
Melt Down,DAY6,2025-10-04,2025-10-06,2.0,37,40,0.003937007874015748,0.22,0.0008661417322834645
Time of Our Life -Japanese ver.- - Japanese ver.,DAY6,2025-10-04,2025-10-06,2.0,41,37,0.003937007874015748,0.28,0.0011023622047244095
You Were Beautiful,DAY6,2025-10-04,2025-10-06,2.0,46,44,0.003937007874015748,0.14,0.0005511811023622047
Armageddon,aespa,2025-10-05,2025-10-07,2.0,39,33,0.003937007874015748,0.36,0.0014173228346456691
If We Ever Meet Again,Lim Young Woong,2025-10-05,2025-10-07,2.0,48,50,0.003937007874015748,0.02,7.874015748031496e-05
녹아내려요 Melt Down,DAY6,2025-10-05,2025-10-07,2.0,30,40,0.003937007874015748,0.22,0.0008661417322834645
예뻤어,DAY6,2025-10-05,2025-10-07,2.0,43,44,0.003937007874015748,0.14,0.0005511811023622047
한 페이지가 될 수 있게,DAY6,2025-10-05,2025-10-07,2.0,36,35,0.003937007874015748,0.32,0.0012598425196850393
Melt Down,DAY6,2025-10-06,2025-10-08,2.0,40,41,0.003937007874015748,0.2,0.0007874015748031496
Time of Our Life -Japanese ver.- - Japanese ver.,DAY6,2025-10-06,2025-10-08,2.0,37,40,0.003937007874015748,0.22,0.0008661417322834645
You Were Beautiful,DAY6,2025-10-06,2025-10-08,2.0,44,49,0.003937007874015748,0.04,0.00015748031496062991
ETA,NewJeans,2025-07-24,2025-10-09,77.0,50,49,0.1515748031496063,0.04,0.006062992125984252
T.B.H,QWER,2025-10-07,2025-10-10,3.0,49,50,0.005905511811023622,0.02,0.00011811023622047244
Ditto,NewJeans,2025-10-08,2025-10-12,4.0,50,45,0.007874015748031496,0.12,0.0009448818897637794
Drama,aespa,2025-07-16,2025-10-12,88.0,48,47,0.1732283464566929,0.08,0.013858267716535434
Hype Boy,NewJeans,2025-09-30,2025-10-13,13.0,50,50,0.025590551181102362,0.02,0.0005118110236220473
OMG,NewJeans,2025-08-19,2025-10-13,55.0,44,41,0.10826771653543307,0.2,0.021653543307086617
Bubble Gum,NewJeans,2025-10-06,2025-10-14,8.0,48,50,0.015748031496062992,0.02,0.00031496062992125983
You Were Beautiful,DAY6,2025-10-08,2025-10-14,6.0,49,38,0.011811023622047244,0.26,0.0030708661417322837
London Boy,Lim Young Woong,2025-10-13,2025-10-15,2.0,45,45,0.003937007874015748,0.12,0.0004724409448818897
T.B.H,QWER,2025-10-11,2025-10-15,4.0,49,47,0.007874015748031496,0.08,0.0006299212598425197
Who (Funky Remix),Jimin,2025-10-14,2025-10-16,2.0,47,48,0.003937007874015748,0.06,0.00023622047244094486
T.B.H,QWER,2025-10-15,2025-10-17,2.0,47,48,0.003937007874015748,0.06,0.00023622047244094486
Ditto,NewJeans,2025-10-16,2025-10-18,2.0,50,39,0.003937007874015748,0.24,0.0009448818897637794
ETA,NewJeans,2025-10-15,2025-10-18,3.0,50,50,0.005905511811023622,0.02,0.00011811023622047244
Who (Beautiful Mind Remix),Jimin,2025-10-17,2025-10-19,2.0,43,44,0.003937007874015748,0.14,0.0005511811023622047
Who (Funky Remix),Jimin,2025-10-17,2025-10-19,2.0,44,47,0.003937007874015748,0.08,0.00031496062992125983
Who (Shibuyakei Remix),Jimin,2025-10-17,2025-10-19,2.0,38,39,0.003937007874015748,0.24,0.0009448818897637794
double take,Dhruv,2025-10-09,2025-10-19,10.0,50,41,0.01968503937007874,0.2,0.003937007874015748
ETA,NewJeans,2025-10-18,2025-10-20,2.0,50,45,0.003937007874015748,0.12,0.0004724409448818897
New Jeans,NewJeans,2025-08-19,2025-10-21,63.0,50,44,0.12401574803149606,0.14,0.01736220472440945
SPOT!,ZICO & JENNIE,2025-07-25,2025-10-21,88.0,47,45,0.1732283464566929,0.12,0.02078740157480315
Sticky,KISS OF LIFE,2025-10-19,2025-10-21,2.0,40,49,0.003937007874015748,0.04,0.00015748031496062991
You Were Beautiful,DAY6,2025-10-19,2025-10-21,2.0,46,33,0.003937007874015748,0.36,0.0014173228346456691
Do or Die,Lim Young Woong,2025-10-20,2025-10-22,2.0,43,46,0.003937007874015748,0.1,0.0003937007874015748
Grain of Sand,Lim Young Woong,2025-10-20,2025-10-22,2.0,49,47,0.003937007874015748,0.08,0.00031496062992125983
If I have you only (My love X Nerd Connection),Nerd Connection,2025-10-20,2025-10-22,2.0,47,50,0.003937007874015748,0.02,7.874015748031496e-05
NEMONEMO,YENA,2025-10-20,2025-10-22,2.0,50,48,0.003937007874015748,0.06,0.00023622047244094486
Ditto,NewJeans,2025-10-18,2025-10-23,5.0,39,48,0.00984251968503937,0.06,0.0005905511811023622
"How can I love the heartbreak, you're the one I love",AKMU,2025-10-22,2025-10-24,2.0,44,44,0.003937007874015748,0.14,0.0005511811023622047
Pump Up The Volume!,PLAVE,2025-09-21,2025-10-24,33.0,47,47,0.06496062992125984,0.08,0.0051968503937007875
double take,Dhruv,2025-10-22,2025-10-24,2.0,49,40,0.003937007874015748,0.22,0.0008661417322834645
MEOW,MEOVV,2025-10-23,2025-10-25,2.0,47,45,0.003937007874015748,0.12,0.0004724409448818897
NEMONEMO,YENA,2025-10-23,2025-10-25,2.0,44,50,0.003937007874015748,0.02,7.874015748031496e-05
WAY 4 LUV,PLAVE,2025-08-31,2025-10-25,55.0,48,47,0.10826771653543307,0.08,0.008661417322834646
ETA,NewJeans,2025-10-21,2025-10-26,5.0,42,43,0.00984251968503937,0.16,0.0015748031496062992
You Were Beautiful,DAY6,2025-10-23,2025-10-26,3.0,46,49,0.005905511811023622,0.04,0.00023622047244094488
Who (Beautiful Mind Remix),Jimin,2025-10-25,2025-10-27,2.0,42,46,0.003937007874015748,0.1,0.0003937007874015748
Who (Funky Remix),Jimin,2025-10-25,2025-10-27,2.0,46,47,0.003937007874015748,0.08,0.00031496062992125983
You Were Beautiful,DAY6,2025-10-26,2025-10-28,2.0,49,49,0.003937007874015748,0.04,0.00015748031496062991
Warmth,Lim Young Woong,2025-10-26,2025-10-29,3.0,47,50,0.005905511811023622,0.02,0.00011811023622047244
double take,Dhruv,2025-10-29,2025-10-31,2.0,49,49,0.003937007874015748,0.04,0.00015748031496062991
Home,Lim Young Woong,2025-10-25,2025-11-01,7.0,49,50,0.013779527559055118,0.02,0.00027559055118110237
Melt Down,DAY6,2025-10-30,2025-11-01,2.0,48,46,0.003937007874015748,0.1,0.0003937007874015748
NEMONEMO,YENA,2025-10-28,2025-11-01,4.0,50,48,0.007874015748031496,0.06,0.0004724409448818897
Warmth,Lim Young Woong,2025-10-29,2025-11-01,3.0,50,49,0.005905511811023622,0.04,0.00023622047244094488
You Were Beautiful,DAY6,2025-10-29,2025-11-02,4.0,43,42,0.007874015748031496,0.18,0.0014173228346456691
Do or Die,Lim Young Woong,2025-10-23,2025-11-03,11.0,49,45,0.021653543307086614,0.12,0.0025984251968503938
Grain of Sand,Lim Young Woong,2025-10-22,2025-11-03,12.0,47,49,0.023622047244094488,0.04,0.0009448818897637795
Who (Funky Remix),Jimin,2025-11-01,2025-11-03,2.0,42,50,0.003937007874015748,0.02,7.874015748031496e-05
Who (Beautiful Mind Remix),Jimin,2025-11-01,2025-11-04,3.0,43,48,0.005905511811023622,0.06,0.0003543307086614173
Who (Instrumental),Jimin,2025-11-02,2025-11-04,2.0,50,47,0.003937007874015748,0.08,0.00031496062992125983
Who (Shibuyakei Remix),Jimin,2025-11-02,2025-11-04,2.0,48,42,0.003937007874015748,0.18,0.0007086614173228346
Ditto,NewJeans,2025-10-23,2025-11-05,13.0,48,48,0.025590551181102362,0.06,0.0015354330708661416
ETA,NewJeans,2025-10-26,2025-11-05,10.0,43,47,0.01968503937007874,0.08,0.0015748031496062992
Grain of Sand,Lim Young Woong,2025-11-03,2025-11-05,2.0,49,46,0.003937007874015748,0.1,0.0003937007874015748
London Boy,Lim Young Woong,2025-10-18,2025-11-05,18.0,45,49,0.03543307086614173,0.04,0.0014173228346456694
NEMONEMO,YENA,2025-11-03,2025-11-05,2.0,48,44,0.003937007874015748,0.14,0.0005511811023622047
Who (Acoustic Remix),Jimin,2025-11-04,2025-11-06,2.0,40,36,0.003937007874015748,0.3,0.0011811023622047244
Who (Beautiful Mind Remix),Jimin,2025-11-04,2025-11-06,2.0,48,41,0.003937007874015748,0.2,0.0007874015748031496
Who (Funky Remix),Jimin,2025-11-04,2025-11-06,2.0,46,40,0.003937007874015748,0.22,0.0008661417322834645
Who (Instrumental),Jimin,2025-11-04,2025-11-06,2.0,47,43,0.003937007874015748,0.16,0.0006299212598425197
Who (Rock Remix),Jimin,2025-11-04,2025-11-06,2.0,39,35,0.003937007874015748,0.32,0.0012598425196850393
Who (Shibuyakei Remix),Jimin,2025-11-04,2025-11-06,2.0,42,37,0.003937007874015748,0.28,0.0011023622047244095
You Were Beautiful,DAY6,2025-11-05,2025-11-07,2.0,38,48,0.003937007874015748,0.06,0.00023622047244094486
London Boy,Lim Young Woong,2025-11-05,2025-11-08,3.0,49,50,0.005905511811023622,0.02,0.00011811023622047244
CROOKED,G-DRAGON,2025-11-05,2025-11-09,4.0,40,47,0.007874015748031496,0.08,0.0006299212598425197
Melt Down,DAY6,2025-11-07,2025-11-10,3.0,50,42,0.005905511811023622,0.18,0.001062992125984252
That's What I Like,Bruno Mars,2024-06-21,2025-11-11,508.0,43,45,1.0,0.12,0.12
NEMONEMO,YENA,2025-11-06,2025-11-12,6.0,47,49,0.011811023622047244,0.04,0.00047244094488188977
London Boy,Lim Young Woong,2025-11-09,2025-11-13,4.0,50,49,0.007874015748031496,0.04,0.00031496062992125983
Touch,KATSEYE,2025-11-11,2025-11-15,4.0,39,50,0.007874015748031496,0.02,0.00015748031496062991
London Boy,Lim Young Woong,2025-11-14,2025-11-16,2.0,49,50,0.003937007874015748,0.02,7.874015748031496e-05
"How can I love the heartbreak, you're the one I love",AKMU,2025-11-16,2025-11-18,2.0,48,49,0.003937007874015748,0.04,0.00015748031496062991
Who (Instrumental),Jimin,2025-11-16,2025-11-18,2.0,40,50,0.003937007874015748,0.02,7.874015748031496e-05
Do or Die,Lim Young Woong,2025-11-16,2025-11-19,3.0,47,46,0.005905511811023622,0.1,0.0005905511811023622
Drowning,WOODZ,2025-11-17,2025-11-19,2.0,49,49,0.003937007874015748,0.04,0.00015748031496062991
London Boy,Lim Young Woong,2025-11-16,2025-11-19,3.0,50,50,0.005905511811023622,0.02,0.00011811023622047244
Who (Beautiful Mind Remix),Jimin,2025-11-16,2025-11-20,4.0,41,45,0.007874015748031496,0.12,0.0009448818897637794
Who (Funky Remix),Jimin,2025-11-17,2025-11-20,3.0,50,46,0.005905511811023622,0.1,0.0005905511811023622
Who (Instrumental),Jimin,2025-11-18,2025-11-20,2.0,50,44,0.003937007874015748,0.14,0.0005511811023622047
Who (Shibuyakei Remix),Jimin,2025-11-18,2025-11-20,2.0,48,41,0.003937007874015748,0.2,0.0007874015748031496
Armageddon,aespa,2025-11-19,2025-11-21,2.0,41,50,0.003937007874015748,0.02,7.874015748031496e-05
Welcome to the Show,DAY6,2025-11-19,2025-11-21,2.0,38,47,0.003937007874015748,0.08,0.00031496062992125983
CRAZY,LE SSERAFIM,2025-11-20,2025-11-22,2.0,39,45,0.003937007874015748,0.12,0.0004724409448818897
Drowning,WOODZ,2025-11-19,2025-11-22,3.0,49,49,0.005905511811023622,0.04,0.00023622047244094488
I will come to you,Jin,2025-11-21,2025-11-23,2.0,37,47,0.003937007874015748,0.08,0.00031496062992125983
You Were Beautiful,DAY6,2025-11-20,2025-11-23,3.0,48,46,0.005905511811023622,0.1,0.0005905511811023622
You Were Beautiful,DAY6,2025-11-23,2025-11-26,3.0,46,48,0.005905511811023622,0.06,0.0003543307086614173
CROOKED,G-DRAGON,2025-11-10,2025-11-27,17.0,50,47,0.03346456692913386,0.08,0.002677165354330709
Tick-Tack,ILLIT,2025-11-24,2025-11-27,3.0,49,50,0.005905511811023622,0.02,0.00011811023622047244
"무제(無題) (Untitled, 2014)",G-DRAGON,2025-11-05,2025-11-27,22.0,50,43,0.04330708661417323,0.16,0.006929133858267717
